-- MySQL dump 10.13  Distrib 8.0.21, for Win64 (x86_64)
--
-- Host: localhost    Database: insta_test
-- ------------------------------------------------------
-- Server version	8.0.21

/*!40101 SET @OLD_CHARACTER_SET_CLIENT=@@CHARACTER_SET_CLIENT */;
/*!40101 SET @OLD_CHARACTER_SET_RESULTS=@@CHARACTER_SET_RESULTS */;
/*!40101 SET @OLD_COLLATION_CONNECTION=@@COLLATION_CONNECTION */;
/*!50503 SET NAMES utf8mb4 */;
/*!40103 SET @OLD_TIME_ZONE=@@TIME_ZONE */;
/*!40103 SET TIME_ZONE='+00:00' */;
/*!40014 SET @OLD_UNIQUE_CHECKS=@@UNIQUE_CHECKS, UNIQUE_CHECKS=0 */;
/*!40014 SET @OLD_FOREIGN_KEY_CHECKS=@@FOREIGN_KEY_CHECKS, FOREIGN_KEY_CHECKS=0 */;
/*!40101 SET @OLD_SQL_MODE=@@SQL_MODE, SQL_MODE='NO_AUTO_VALUE_ON_ZERO' */;
/*!40111 SET @OLD_SQL_NOTES=@@SQL_NOTES, SQL_NOTES=0 */;

--
-- Table structure for table `comments`
--

DROP TABLE IF EXISTS `comments`;
/*!40101 SET @saved_cs_client     = @@character_set_client */;
/*!50503 SET character_set_client = utf8mb4 */;
CREATE TABLE `comments` (
  `id` bigint unsigned NOT NULL AUTO_INCREMENT,
  `user_id` bigint unsigned NOT NULL,
  `post_id` bigint unsigned NOT NULL,
  `answer_comment_id` bigint unsigned DEFAULT NULL,
  `text_comment` text NOT NULL,
  `date_comment` timestamp NOT NULL DEFAULT CURRENT_TIMESTAMP,
  PRIMARY KEY (`id`),
  UNIQUE KEY `id` (`id`),
  KEY `FK_commentator_id` (`user_id`),
  KEY `FK_target_post_id` (`post_id`),
  KEY `FK_answer_comment_id` (`answer_comment_id`),
  CONSTRAINT `FK_answer_comment_id` FOREIGN KEY (`answer_comment_id`) REFERENCES `comments` (`id`) ON DELETE CASCADE ON UPDATE CASCADE,
  CONSTRAINT `FK_commentator_id` FOREIGN KEY (`user_id`) REFERENCES `users` (`id`) ON UPDATE CASCADE,
  CONSTRAINT `FK_target_post_id` FOREIGN KEY (`post_id`) REFERENCES `posts` (`id`) ON DELETE CASCADE ON UPDATE CASCADE
) ENGINE=InnoDB AUTO_INCREMENT=301 DEFAULT CHARSET=utf8mb4 COLLATE=utf8mb4_0900_ai_ci;
/*!40101 SET character_set_client = @saved_cs_client */;

--
-- Dumping data for table `comments`
--

LOCK TABLES `comments` WRITE;
/*!40000 ALTER TABLE `comments` DISABLE KEYS */;
INSERT INTO `comments` VALUES (1,1,354,NULL,'Laboriosam fugiat sapiente voluptatem voluptas ipsum distinctio similique dignissimos. Voluptatem illum molestiae ipsam voluptates et. Ut ea nam ducimus aut adipisci magni.','1977-09-24 18:16:32'),(2,2,221,NULL,'Dolor impedit aliquid repellat vel maxime nisi. Voluptas recusandae natus laboriosam aperiam.','2014-07-05 20:53:02'),(3,3,86,NULL,'Nobis quo dolorum porro vitae. Rem dolorum sed ratione ab atque eligendi. Qui autem hic sint sapiente eligendi sunt sit vel.','2019-11-25 13:53:28'),(4,4,377,NULL,'Sed numquam quos sit molestiae. Dignissimos sequi blanditiis voluptatem temporibus veritatis id nihil.','1997-05-25 04:05:28'),(5,5,250,NULL,'Ut veniam omnis inventore ex laboriosam consectetur harum. Magni non rem enim neque. Et quibusdam optio ullam eum iure mollitia praesentium. Accusantium quis beatae vel odio.','1985-08-10 19:50:58'),(6,6,140,NULL,'Eum et dolores soluta fuga aperiam recusandae ea. Ut ab hic nemo ut sit repudiandae. Quae architecto quia veritatis eveniet ut sit. Laboriosam incidunt qui in.','1990-04-19 19:44:45'),(7,7,70,NULL,'Iste similique velit quos sit ea qui. Ad autem est eaque accusantium sunt tenetur cum. Quia aut illo laudantium itaque qui qui corrupti. Dolores et sunt dolores et quisquam consequatur.','1987-05-14 01:04:31'),(8,8,315,NULL,'Est eum qui et et odio. Est exercitationem incidunt quia aliquid eum. Aliquam nemo et nihil error sunt nobis porro.','2005-10-24 11:51:31'),(9,9,236,NULL,'Molestias sed quam a nobis. Quaerat est aliquam exercitationem sunt est est provident. Culpa facere minima officia eum. Sint nihil et et excepturi dolores ut.','2008-03-29 06:17:16'),(10,10,117,NULL,'Voluptatem est rerum sint incidunt quam maxime consectetur. Error debitis dolor totam ratione et nemo. Tempore tenetur consequuntur in velit eos. Accusamus sint magni non odio quia velit.','1995-01-18 01:22:56'),(11,11,391,NULL,'Facilis amet quia enim facere et ea aut. In enim eligendi expedita dolores labore officiis.','2016-08-21 08:15:09'),(12,12,208,NULL,'Excepturi ullam voluptas voluptas dicta sint modi deleniti. Itaque illo sunt impedit occaecati laborum itaque.','1998-01-30 07:40:41'),(13,13,317,NULL,'Corrupti neque nesciunt quo cupiditate ad quam reprehenderit. Autem saepe aperiam et debitis ullam sunt. Assumenda est nulla est ipsa.','1976-01-06 08:30:55'),(14,14,200,NULL,'Qui nisi amet est quia impedit ipsam eos. Ut voluptatem vel excepturi consequuntur eum corrupti tenetur sed. Sunt voluptatem voluptatum rem deleniti tenetur fuga eaque. Beatae qui sequi qui.','1993-04-11 22:23:44'),(15,15,40,NULL,'Necessitatibus praesentium a omnis voluptatem natus eveniet in. Quod sed harum earum aut. Nesciunt expedita et itaque voluptate velit velit in. Voluptas maiores veritatis qui tenetur.','2007-01-31 15:18:13'),(16,16,218,NULL,'Reprehenderit tempore quia quibusdam quia. Atque in voluptatem ut sequi. Consequatur voluptates molestiae sed asperiores non.','1995-12-28 21:51:48'),(17,17,365,NULL,'Rerum eius earum exercitationem doloremque rerum id. Ducimus odit et quas ut necessitatibus quibusdam. Et exercitationem ut sit perferendis repudiandae.','2002-12-13 02:35:01'),(18,18,63,NULL,'Voluptas voluptas voluptatem facilis corporis praesentium. Doloribus qui debitis nisi nisi sed. Corrupti sunt ipsum nostrum amet omnis voluptatibus.','1998-12-16 06:39:36'),(19,19,33,NULL,'Eos quia sed similique. Voluptates aut velit qui non. Nesciunt dolorum dolorem officia eveniet autem soluta consequatur.','2011-10-10 16:16:40'),(20,20,17,NULL,'Nisi aut eveniet eligendi amet nobis ut sapiente sit. Est dolores in vitae perferendis ipsa neque. Id sed quia esse odio. Sed et sed saepe. Id eligendi assumenda ut.','1976-12-28 06:59:29'),(21,21,124,NULL,'Totam ut laborum repudiandae sit excepturi dicta. Numquam et sint mollitia nesciunt voluptatem doloribus. Natus quos et occaecati aut rerum. Eaque quidem voluptas et facere hic.','2016-08-09 06:41:55'),(22,22,157,NULL,'Consequuntur aut at sit commodi. Tempore ut recusandae architecto dolor veritatis.','1980-02-20 00:57:05'),(23,23,383,NULL,'Nisi dolorum dolores vero at maiores fugiat. Dolores adipisci cumque ipsam qui odio sed.\nVitae ut illum at et similique. Nesciunt voluptatibus ipsam ex facere velit. A ad qui officiis ex accusamus.','1993-10-22 08:57:35'),(24,24,118,NULL,'Aspernatur nobis eius accusamus dolorem nulla. Delectus a ex non id perspiciatis. Aut mollitia voluptatem porro architecto sed iure. Est possimus laboriosam libero.','2004-06-25 00:10:32'),(25,25,1,NULL,'Itaque aut reiciendis qui laudantium tenetur sunt officia. Ab ipsam id deserunt deserunt quisquam maiores. Sit qui officiis ut placeat ea ipsum libero.','1987-05-11 08:24:38'),(26,26,176,NULL,'Fugit omnis iusto eligendi architecto non. Et magnam et voluptas ratione. Quaerat ea quis eius.\nVero accusantium aperiam iste dolor. Sapiente quidem officiis fuga voluptatem aliquam saepe.','1977-12-31 02:17:40'),(27,27,145,NULL,'Debitis sed voluptas voluptatem et sed. Incidunt aut expedita debitis quas perspiciatis eum. Qui dolor est autem fugiat neque magnam.','2019-10-27 20:41:19'),(28,28,4,NULL,'Nihil ipsa est facere natus. Aut voluptatem corporis nulla voluptatum. At quia sed ratione iste corporis omnis voluptas.','2009-01-15 11:44:17'),(29,29,236,NULL,'Ut dolor possimus iure corrupti recusandae sed. Sit dolorem reprehenderit doloribus neque nobis cumque. Nesciunt quasi rerum doloremque consequatur aperiam sed.','1986-02-18 12:58:51'),(30,30,240,NULL,'Sed corrupti praesentium minus dolorem. Voluptatem iure unde optio fugiat mollitia.','1987-12-04 02:30:43'),(31,31,7,NULL,'Excepturi incidunt aspernatur sunt rem. Necessitatibus sed enim optio tenetur illo sint. Impedit non dolore et et. Maxime non illo quam unde vel deleniti.','2009-01-11 03:29:27'),(32,32,190,NULL,'Consequatur necessitatibus eligendi quaerat delectus facere iusto. Ipsum quod ea et voluptatibus sit sapiente doloremque possimus. Maxime labore tempore quo qui amet est.','1974-06-14 07:07:43'),(33,33,60,NULL,'Sed a omnis iure temporibus deleniti animi iure. Eligendi similique delectus assumenda odio dolorem. Eum enim molestiae modi sit ut aut sit veniam.','1970-10-18 02:18:43'),(34,34,92,NULL,'Nostrum quia fugiat vel iusto ut non animi. Cum cupiditate illo quasi tempora error id. Voluptas eos magni consequatur aut commodi illum.','1997-07-25 17:21:36'),(35,35,167,NULL,'Occaecati fugit qui qui magnam hic veritatis quidem. Eum sit autem voluptas voluptatem nihil. Quis debitis ut rerum eum consequatur aut placeat.','1981-09-19 03:24:02'),(36,36,309,NULL,'Iure est incidunt porro ut. Voluptas suscipit qui neque non et. Sunt perferendis excepturi pariatur modi animi maxime.','1992-06-27 21:29:35'),(37,37,232,NULL,'Aut porro iure explicabo reiciendis. Nostrum debitis est deserunt maiores assumenda. Ratione sed sit ipsam ipsa. Dolorum similique molestias vitae fugiat temporibus eos.','1977-07-26 17:24:31'),(38,38,236,NULL,'Ullam alias autem voluptatibus beatae magnam rerum ipsam. Provident eligendi fugiat voluptate et.','1985-11-12 16:57:41'),(39,39,224,NULL,'Eveniet veritatis maxime quasi. Sint corrupti vero distinctio voluptatem et et. Magnam voluptatum maiores quia dolore. Ut nam suscipit omnis cupiditate laborum explicabo blanditiis.','1982-04-02 00:24:42'),(40,40,67,NULL,'Porro nisi est voluptatem temporibus expedita. Quaerat sunt rerum illum voluptas beatae qui laborum. Dolores perferendis officiis voluptates sit consequatur quo sunt.','2015-01-11 11:28:31'),(41,41,352,NULL,'Possimus veniam sunt enim veniam odit aliquam delectus. Accusantium ut in quis eos quia et.\nEt magnam totam molestiae et. Sequi officia ipsum qui fugiat. Magni quia quam aut voluptatum.','2001-10-05 19:01:38'),(42,42,215,NULL,'Sit suscipit omnis nihil natus. Possimus sequi et nemo molestiae debitis nostrum. Fuga quis quia deleniti id consequuntur molestias vel. Tempore sapiente aut vitae quis sunt magni quis.','1996-04-13 21:14:17'),(43,43,275,NULL,'Minus inventore et suscipit et iste velit dolores. Rerum sed magni est in laborum. Sit perferendis molestiae quaerat ut doloribus. Dolores aut aut aut et.','2019-01-14 00:18:11'),(44,44,269,NULL,'Quia facilis sed aut et veniam in. Cumque quod sit doloribus et. Aut in earum veniam vitae. Qui et numquam veritatis nobis itaque esse.','1996-09-23 06:11:22'),(45,45,14,NULL,'Vitae ea vero totam veniam assumenda tenetur eos alias. Molestiae in quibusdam qui ducimus a. Quidem dolorem unde explicabo asperiores quidem. Ea numquam ab rerum sit magni.','1975-06-25 03:19:41'),(46,46,314,NULL,'Illo corporis ducimus non qui sit. At ratione rerum ducimus repudiandae molestiae. Temporibus nostrum dolor voluptas labore voluptatum dolor minus. Amet dolorem quia rerum culpa corporis illo qui.','1992-08-12 19:37:08'),(47,47,87,NULL,'Consequatur ut ab veniam provident sint omnis dolore. Eum quam eum inventore dolore. Harum enim nulla optio aut optio. In veritatis perspiciatis est modi.','2004-10-30 05:38:18'),(48,48,378,NULL,'Odio laboriosam ut eos perferendis porro. Et rem provident dolor et esse. Veritatis et dolores dicta eligendi dignissimos.','2008-07-26 04:55:36'),(49,49,377,NULL,'Et incidunt iusto maxime velit rerum ut ut enim. Officia dolorem rem aliquam possimus quidem.','1974-09-15 08:01:14'),(50,50,119,NULL,'Aliquid velit velit ut illo. Officia deleniti blanditiis est neque. Fuga quas sint sapiente. Exercitationem illum possimus qui in praesentium et eos.','2016-07-26 22:21:22'),(51,51,394,NULL,'Similique inventore fuga voluptates fuga. Aut neque maxime non. Dolores expedita magnam nesciunt illum velit ut eos. Fugit qui et aut quae consequatur.','2014-10-17 07:39:08'),(52,52,100,NULL,'Nihil doloribus recusandae quasi eius. Rerum ut eos aut quis voluptas quia excepturi eveniet. Ab modi nulla dolorem error.','2015-03-15 03:10:26'),(53,53,276,NULL,'Est commodi odio dolore qui nemo odit perspiciatis aut. Aut animi id est vero voluptatibus autem sunt. Illum quisquam a qui odit iusto maxime architecto.','2006-06-24 12:53:57'),(54,54,377,NULL,'Nostrum quis quo exercitationem rerum sint. Sed dolorem sunt ut aliquid quis. Iure dolorem dicta mollitia.','2016-06-23 16:18:33'),(55,55,218,NULL,'Modi ullam unde minus eum corporis. Quidem iste consectetur ab ut ipsum magni. Id vel occaecati omnis quia eius non a. Exercitationem sed et dolorem quis.','1984-09-27 10:23:31'),(56,56,277,NULL,'Autem repellat quia et porro. Veritatis voluptatum numquam aut voluptas voluptatem aperiam et. Molestiae in magnam porro quos.','1976-08-30 21:45:10'),(57,57,152,NULL,'Corrupti rem error porro optio optio dolore ratione. Dicta dolores rerum nemo quo officiis repellat. Asperiores qui similique ducimus exercitationem aut. Hic cupiditate et est quibusdam.','1987-02-07 07:57:39'),(58,58,363,NULL,'Maiores pariatur qui quisquam ea. In ut in tempore nisi. Ipsa inventore totam deserunt sunt qui.','2007-03-04 04:45:07'),(59,59,281,NULL,'Sit itaque fuga accusantium sed nobis culpa. Dolorem ullam cupiditate voluptatem dolorum. Repudiandae et cumque et reiciendis adipisci rerum omnis.','2016-06-26 02:13:00'),(60,60,388,NULL,'Consectetur quia omnis et aut in aliquid culpa. Ipsa quasi ducimus provident unde. Vel eius corporis consequatur pariatur. Eaque optio quis accusantium qui sapiente sit expedita.','2005-12-29 22:36:13'),(61,61,202,NULL,'Quas repudiandae quasi totam consequuntur. Ea velit cupiditate dolores laborum. Culpa delectus et in nobis est saepe. Ab magnam fugit voluptates est id molestiae.','1982-07-05 13:40:10'),(62,62,287,NULL,'Soluta deleniti doloribus ut ullam. Aut nesciunt enim mollitia cumque et ea. Et similique iure reprehenderit ut magni nisi voluptas. Dolorum magni sint et libero.','1977-05-05 08:50:13'),(63,63,177,NULL,'Non quia quidem neque. Accusantium voluptatum aut fugiat minima omnis autem suscipit. Sint in velit beatae iusto quia ut.','1987-02-09 20:16:23'),(64,64,262,NULL,'Consectetur fuga ut tempora numquam voluptates. Quo amet nobis doloribus et vitae numquam.','2009-10-19 11:38:26'),(65,65,379,NULL,'Sit voluptates et magni. Sed repellendus dolorem maxime provident animi. Ex voluptas rerum facere eum. Ipsa nisi nesciunt omnis rerum. Id molestiae aliquam dolor eligendi voluptas itaque.','1987-01-30 13:05:52'),(66,66,344,NULL,'Accusamus aut eaque nesciunt commodi. Amet aut reiciendis voluptate fugit aliquid. Doloribus dolore quam dignissimos mollitia repellat.','1979-05-23 05:55:15'),(67,67,170,NULL,'Quod rerum fuga voluptas culpa. Exercitationem assumenda autem autem minus voluptatem voluptatem nobis. Adipisci voluptate illo ut distinctio vel.','2014-08-01 01:41:57'),(68,68,210,NULL,'Omnis minus voluptatem illo laudantium placeat provident. Itaque neque voluptas fugiat aut. Et architecto illo voluptatum tempore in corrupti et. Dolores rem aspernatur et cum perferendis vel.','1973-05-04 09:41:41'),(69,69,179,NULL,'Eaque iusto nobis officia et in. Ea et et quasi repellendus sint illo. Repellendus qui enim maxime ducimus. Sed et dolorem dolor laborum nulla necessitatibus deleniti.','2015-02-01 19:13:45'),(70,70,394,NULL,'Cum aut doloribus aspernatur tenetur ut quis. Et quaerat impedit fugit. Qui deserunt nihil qui corporis dolores.','2009-09-23 08:39:50'),(71,71,277,NULL,'Dolore occaecati consequatur voluptatum maxime eum id. Veritatis necessitatibus itaque atque sed aut tempore nobis. Nihil sit harum est aut qui sit voluptas.','1985-11-27 04:52:05'),(72,72,131,NULL,'Laudantium voluptatem quod ducimus inventore porro fuga eum. Et quis et quidem et. Provident adipisci maiores magnam.','2015-06-18 13:32:48'),(73,73,208,NULL,'Fugiat a vel sunt incidunt expedita voluptatum. Quod aspernatur ea temporibus vitae earum aut. Sint maiores omnis quam vitae nihil quo a.','2018-05-15 21:31:14'),(74,74,151,NULL,'Voluptas explicabo at soluta quis nemo. Sit possimus ut ex. Commodi vel saepe eius labore molestiae. Nemo maxime possimus magnam et odit consequatur.','2016-09-27 17:13:23'),(75,75,399,NULL,'Molestias aut dolorem aliquam qui aliquam quisquam. Sit nemo commodi aut eaque officiis laudantium quod. Error ut natus reprehenderit. Vel ducimus rem numquam velit perferendis.','1975-02-18 19:30:48'),(76,76,221,NULL,'Consequuntur doloribus sed qui tempora tenetur sed. Quia unde quo expedita ullam. Ratione vero veniam odit fuga est est. Iusto rem quas quis et quibusdam.','1983-01-31 19:30:53'),(77,77,65,NULL,'Quia qui dolores cum voluptas. Non possimus itaque aut ut exercitationem. Cumque nihil soluta accusamus animi et et rerum.','2009-09-01 02:33:05'),(78,78,85,NULL,'Rerum beatae perspiciatis quisquam tempora vel. Ea aliquam voluptatem natus totam ad maiores. Possimus nihil in aut. Nulla culpa provident dolor id.','1982-02-11 17:37:03'),(79,79,199,NULL,'Dignissimos dignissimos deserunt explicabo repellat sint. Magni aut non sed nostrum nobis. Et ut quis a corrupti dolorem quae ut quo.','2005-07-04 20:26:17'),(80,80,42,NULL,'Voluptatem pariatur incidunt omnis nisi quam qui est perspiciatis. Repellendus facere nihil rerum et atque nesciunt. Est recusandae qui atque dolore. In et dolorum facere saepe.','1978-04-19 15:00:20'),(81,81,204,NULL,'Laboriosam repellendus voluptas saepe rem ducimus. Modi quasi eos occaecati eos.','2019-05-13 07:38:58'),(82,82,192,NULL,'Odio dolor error voluptatem et qui. Aliquid fugiat ratione asperiores sed eligendi qui quia. Voluptas nesciunt culpa reiciendis magnam accusantium. Illo enim quia sed voluptas nesciunt.','1998-10-29 04:38:43'),(83,83,141,NULL,'Deserunt magnam voluptates harum. Sequi impedit atque occaecati neque. Quod sit molestias voluptatem.','1970-11-16 20:13:19'),(84,84,80,NULL,'Delectus molestiae rem amet quibusdam recusandae modi. Et illo aut voluptas dolores.','1996-05-12 06:00:14'),(85,85,169,NULL,'Nisi est fuga repudiandae placeat dolores. Beatae corrupti facere magnam incidunt voluptatem unde. Neque est dignissimos quo saepe expedita pariatur minima deleniti.','1972-02-29 22:19:45'),(86,86,359,NULL,'Laborum odio quasi qui officia minus sunt distinctio eum. Architecto nihil odio quia inventore quas eum. Consequatur perspiciatis est ab voluptatem accusantium sint.','1979-06-05 12:10:55'),(87,87,356,NULL,'Et et ea qui voluptatum eum et iusto. Ut repellat minus magni voluptatem deleniti voluptatem aperiam. Ea hic aut et mollitia ut similique ullam.','1985-01-10 06:20:48'),(88,88,321,NULL,'Illum non enim sit ut ut enim. Quasi consectetur iure ducimus aliquam. Id ut corrupti adipisci magnam nihil.','1986-08-16 17:37:13'),(89,89,321,NULL,'Esse voluptatibus ut voluptatem earum qui ea sit autem. Quos quia et harum qui voluptatem sequi rerum. Et id non est molestiae.','1998-02-26 04:51:22'),(90,90,236,NULL,'Non ipsum quod id non blanditiis magnam dolor. Voluptates dicta vitae eos qui quod maiores. Perspiciatis animi rerum eaque ipsum culpa qui.','2010-03-28 21:19:39'),(91,91,308,NULL,'Cupiditate debitis atque magnam quo. Sit sunt dolor sunt ipsum eligendi accusantium. Architecto assumenda voluptas ab qui ut.','2019-12-17 05:28:06'),(92,92,123,NULL,'Deleniti mollitia modi animi non unde tempore rem quae. Amet sapiente incidunt quaerat dicta eos et sequi. Sint voluptatem similique iusto in ea vero.','2011-11-11 20:17:31'),(93,93,122,NULL,'Quis dolores dolorem rem sit architecto consequatur accusamus. Eligendi sint et magni eos dicta.','2007-02-20 02:57:06'),(94,94,85,NULL,'Dolore unde tenetur beatae vel nemo. Molestiae magnam tenetur enim.','2013-05-09 19:32:55'),(95,95,384,NULL,'Voluptatem non iste maxime sit. Minima tenetur atque vero id tempora sunt. Sit enim nihil necessitatibus architecto voluptatem voluptatem. Dolor ullam quos excepturi voluptatem est.','1979-11-11 10:06:20'),(96,96,100,NULL,'Neque sed velit ut sint. Et corporis a quidem blanditiis laboriosam facilis. Minus facere id dolorum voluptas a.','2009-02-21 05:50:22'),(97,97,28,NULL,'Sit repellendus voluptatem praesentium quaerat quis. Et delectus aperiam ut ea. Deleniti sit nemo omnis est. Est in dignissimos explicabo qui est fugit unde sunt.','2011-04-06 23:47:31'),(98,98,154,NULL,'Enim non possimus aut et ullam. Nulla aliquam consectetur sed. Dolor accusantium quas architecto et. Modi voluptas error commodi dicta non similique sed.','1977-06-26 19:28:47'),(99,99,310,NULL,'Animi debitis rem molestiae voluptas maxime explicabo nobis quia. Autem autem quibusdam ipsam explicabo est sed nisi. Quibusdam quasi fuga dolore accusantium optio exercitationem.','1987-10-25 11:19:29'),(100,100,206,NULL,'Doloremque sapiente laborum et in. Quia laborum dolore labore quisquam rerum ea quisquam ut. Molestias est tenetur et suscipit est. Quidem molestias sunt hic provident consequuntur.','1994-06-25 14:52:04'),(101,1,147,NULL,'Nostrum optio sunt cumque et. Nulla voluptatum doloribus aut illo. Accusantium officiis quae cum aut. Iste labore eius asperiores voluptas suscipit et.','1983-12-13 06:55:48'),(102,2,186,NULL,'Quos ad quaerat laborum nesciunt. Quaerat amet similique at. Sit accusamus est qui nisi omnis qui.','2005-09-19 23:41:31'),(103,3,336,NULL,'Sint aut eum et quis. Quas eos quasi porro aut eum. Officiis vel est aut consequatur sint. Nobis mollitia possimus architecto tempore et accusantium sint.','1980-03-01 15:07:33'),(104,4,355,NULL,'Nam magnam esse voluptatem. Dolore earum ab est tempora reiciendis quaerat. Porro a eos nisi aut rerum rem quidem dolor. Quaerat culpa et nesciunt iusto repellendus.','1999-05-10 11:37:26'),(105,5,337,NULL,'Est animi soluta repudiandae quo fugit cupiditate. Minima libero impedit dolore quaerat totam.','1995-12-30 05:13:38'),(106,6,335,NULL,'Aperiam explicabo placeat ut sed. Ex vel quae cumque ut et ipsum et. Et odit iusto fugit consectetur et et quibusdam.','2006-09-11 12:43:13'),(107,7,175,NULL,'Et quia ratione voluptatum ut. Libero quos autem corporis dolorem suscipit fugit. Rerum delectus sunt excepturi ut provident. Possimus rem voluptatum ipsum et qui quaerat cumque quod.','1993-05-15 00:06:37'),(108,8,1,NULL,'Aut consequatur natus beatae voluptas praesentium quia. Magni provident aut qui impedit.','1990-07-16 14:48:25'),(109,9,20,NULL,'Voluptatibus doloremque voluptas iusto modi qui aut vitae. Vel et fuga ipsum nisi aliquid.','1996-10-11 21:34:52'),(110,10,373,NULL,'Voluptatem dignissimos inventore dicta soluta sunt consectetur. Aut tenetur aut non eius nesciunt.','1980-03-23 15:37:02'),(111,11,43,NULL,'A necessitatibus eum optio ut incidunt sapiente. Eos ut suscipit consequuntur. Sit laboriosam est quisquam. Nam expedita dicta iste sunt repudiandae.','1981-04-15 23:31:11'),(112,12,224,NULL,'Itaque voluptas tenetur quo animi. Nam quia nisi voluptas iusto adipisci quidem. Possimus cumque nobis aut culpa nihil. Eum placeat dignissimos sunt quas nostrum.','1986-05-02 12:37:19'),(113,13,165,NULL,'Minima repellendus assumenda molestiae aut dolorem soluta. Assumenda corporis repudiandae sint. Cumque et incidunt ut adipisci in autem.','1971-01-23 11:46:36'),(114,14,183,NULL,'Nulla commodi veniam deserunt enim sed ut. Nam pariatur sapiente reiciendis qui. Dolorem quo mollitia quis nesciunt in.','2014-04-15 12:57:26'),(115,15,303,NULL,'Sapiente mollitia voluptatem fuga sit accusamus ut. Aliquam vero ut numquam impedit qui tenetur. Est laboriosam tempora est corporis. Similique aut consequatur eveniet dolorem deleniti ea.','1996-11-05 22:12:07'),(116,16,334,NULL,'Non in rerum recusandae. Vel atque et quo quo consequatur. Quia voluptas molestias in praesentium voluptas quia voluptatem velit.','1986-01-11 18:18:36'),(117,17,142,NULL,'Sint dolore at ab facilis aliquid et. Dolorem sequi consequatur et non cupiditate. Nobis ipsum voluptates magnam.','1994-10-13 01:00:06'),(118,18,258,NULL,'Omnis odit id provident sunt repellat laudantium. Ipsam qui est eum non reprehenderit tenetur aut. Ut non impedit et facere cupiditate exercitationem ratione. Non ut voluptatum rerum dolores aut.','1996-01-25 07:29:26'),(119,19,254,NULL,'Qui sed necessitatibus aut corporis iure. Repudiandae ex aut voluptatem. Aspernatur omnis nobis qui maiores numquam. Quasi et alias atque nihil.','2000-07-08 13:37:08'),(120,20,63,NULL,'Nam laborum ad quos libero qui. Officia repellendus officiis quisquam quod ad ipsa corrupti.','2011-04-27 06:06:05'),(121,21,94,NULL,'Dolores quasi eum aut tempore in. Ad placeat id iste eveniet inventore. Provident sed cupiditate deserunt accusantium. Explicabo molestiae voluptates ut autem aliquam.','1978-04-05 16:15:14'),(122,22,161,NULL,'Dolores autem aliquam ut sed est. Nisi qui possimus debitis voluptatem voluptatem sequi. Facere magni ut voluptatem.','2009-07-31 15:00:46'),(123,23,185,NULL,'Rerum earum est non sint voluptatem. Odio cum consectetur debitis consequatur possimus id dolorem. Quia nulla voluptatem est.','2000-02-24 20:49:18'),(124,24,216,NULL,'Eos id id eligendi. Magni voluptatem dolores amet est non est praesentium. Ut a autem sunt molestias voluptatum. In nihil quis veritatis facere magnam.','2002-07-15 04:26:21'),(125,25,246,NULL,'Nam minima voluptatem autem temporibus enim. Qui animi similique ut modi doloribus provident. Quia quidem quia doloribus in aliquid.','1996-05-23 09:19:23'),(126,26,169,NULL,'Dignissimos sequi impedit iure tenetur veritatis est. Repellat voluptate debitis reprehenderit ex. Non nesciunt perspiciatis quam ab ut vitae voluptatibus. Quos quasi optio a in maxime voluptas.','1988-06-25 17:30:09'),(127,27,315,NULL,'Placeat et a nihil earum. Dolores qui et non minus. Sunt explicabo soluta necessitatibus. Est repudiandae in quasi.','1992-01-31 22:53:00'),(128,28,273,NULL,'Dolorum rerum qui aut quia deserunt et. Optio aut reiciendis officia quaerat. Est qui quaerat ipsam.','1993-03-20 02:22:12'),(129,29,323,NULL,'Sit eos placeat perspiciatis optio. Aperiam facere velit soluta corporis repellendus dolore vel et. Ut aut distinctio ipsa aliquid minus ratione. Doloremque quo autem corporis voluptatibus.','1977-01-20 02:30:45'),(130,30,225,NULL,'Explicabo sint qui assumenda autem dicta soluta. Aut consectetur corporis dolores dolore. Aut accusamus quo nulla molestias mollitia optio.','1989-07-28 14:50:14'),(131,31,79,NULL,'Laboriosam qui suscipit aut voluptatibus quia natus. Vitae unde porro nihil quas. Rem eum dicta mollitia voluptates omnis voluptate cupiditate. Qui voluptas adipisci natus alias.','1982-11-11 01:44:06'),(132,32,70,NULL,'Animi ut earum repudiandae qui officiis qui. Laboriosam debitis numquam culpa voluptas et suscipit. Quo eum dignissimos suscipit.','1989-08-07 07:01:15'),(133,33,11,NULL,'Alias itaque aut consequatur et reiciendis. Tempora quibusdam quaerat sunt asperiores et vero omnis. Labore sint error numquam nihil voluptate quod doloremque.','2019-10-08 04:27:24'),(134,34,15,NULL,'Amet quo autem autem et. Laborum deleniti necessitatibus placeat rerum corrupti est eum. Mollitia officiis provident veniam recusandae commodi quo eum.','1998-09-14 23:34:58'),(135,35,24,NULL,'Quis ut hic impedit magni velit. Qui odio aperiam eligendi dicta ullam et. Doloremque nihil rerum facere eaque.','1987-07-11 09:19:39'),(136,36,347,NULL,'Accusamus aliquam debitis omnis excepturi est neque cupiditate voluptatibus. Omnis dignissimos odit velit. Dolorem quasi et deserunt aliquam molestiae fugiat. Iure soluta rerum aut sed voluptatum.','1992-06-13 20:49:45'),(137,37,349,NULL,'Natus et qui qui sunt necessitatibus. Eligendi eos est recusandae voluptatem possimus et vel. Consequatur dolores ut sequi consequatur perferendis commodi.','2009-12-11 20:36:41'),(138,38,199,NULL,'Praesentium error laboriosam nisi impedit et iste. Eligendi qui quis nesciunt exercitationem. Non minima rerum incidunt. Temporibus dolorem molestias dolor aut ea repellendus inventore.','1989-02-25 09:57:06'),(139,39,348,NULL,'Accusantium molestiae qui nemo. Illo praesentium deserunt aliquid optio. Minima ut debitis quis fugit id qui.','1972-11-26 21:37:56'),(140,40,369,NULL,'Sed architecto maiores neque. Itaque quis unde vero doloribus vel. Alias sit ut eos quisquam sit perferendis omnis. Magnam voluptatem delectus consectetur est et non.','1977-07-03 20:16:33'),(141,41,172,NULL,'Perspiciatis ducimus vel vitae rerum. Autem adipisci nihil expedita consequatur error inventore cupiditate. Nisi saepe fugiat esse sed aliquam cupiditate odio. Tempora commodi vero et ipsa.','1978-07-02 18:39:53'),(142,42,390,NULL,'Quia animi et esse et. Tempore vel et modi molestiae ut autem qui. Quos dignissimos voluptatem qui rerum. Soluta dolor accusamus sit eligendi.','2001-10-29 19:49:19'),(143,43,192,NULL,'Voluptas sed ea assumenda ducimus voluptates ea nulla. Possimus autem alias vero aut autem. Sed nostrum occaecati cupiditate aut nam. Id unde sequi velit ex enim.','2014-06-05 13:21:36'),(144,44,336,NULL,'Pariatur architecto dignissimos et eius nihil enim. In magnam voluptatem ad. Et consequatur quia explicabo velit nam.','1988-10-30 14:43:27'),(145,45,173,NULL,'Commodi deleniti et aut possimus quis illo reprehenderit. Dolorem doloremque amet aperiam ab aut vel et. Voluptatem doloribus quidem ex non eligendi sint ratione.','1998-06-13 07:52:02'),(146,46,94,NULL,'Temporibus delectus enim temporibus et et. Sunt doloribus fugit dolor corporis. Omnis aut asperiores veritatis.','1984-10-24 09:34:25'),(147,47,269,NULL,'Est repudiandae maiores ea ut et voluptas sit. Necessitatibus dolores est ut maiores iure esse. Aut soluta possimus velit repellat.','1996-09-19 09:44:24'),(148,48,314,NULL,'Reprehenderit odit nihil et totam pariatur illum. Eos enim rerum omnis. Dolore reprehenderit sapiente nobis autem occaecati nisi aut. Dolore libero totam necessitatibus dignissimos.','1993-06-24 01:27:08'),(149,49,352,NULL,'Debitis vel officia quia est nostrum qui repudiandae dolores. Dicta sed dolores iusto repellendus. Quia repellat iusto accusantium amet nisi eos mollitia. Harum et dolores quia qui.','2009-06-01 18:37:00'),(150,50,122,NULL,'Voluptatem repudiandae reiciendis sed vel amet perspiciatis. Ut odit eum ipsum nisi dolorem veritatis tempora impedit. Quod consequatur voluptatem tempora possimus rem mollitia porro.','1989-01-30 08:18:59'),(151,51,377,NULL,'Est consequuntur eos reiciendis at consequatur eos natus. Ut quam nobis quia vero accusantium eligendi voluptatibus dicta. Hic dicta nobis eaque autem qui.','2005-07-24 03:52:43'),(152,52,45,NULL,'Alias tempore hic beatae porro id corporis voluptas. Debitis velit optio asperiores officia omnis non. Qui rerum commodi ipsum omnis amet. Ratione perferendis quod odit placeat ea.','1989-10-20 01:58:03'),(153,53,283,NULL,'Et numquam ut vel dolorem neque et enim voluptates. Minus quibusdam expedita perspiciatis dolorem dolorem. Saepe placeat aliquam enim omnis deserunt.','2013-10-16 20:32:59'),(154,54,161,NULL,'In omnis quasi dicta dicta ut dignissimos et. Et magni et ut autem et officia. Est quasi alias quam. Ex quisquam ducimus sit accusamus dolore praesentium earum tenetur.','1984-08-27 06:15:27'),(155,55,260,NULL,'Mollitia et omnis aut aut eum quia error. Veniam repudiandae sint consequatur qui dolorem ut numquam.\nQuam culpa illum aut et maxime. Animi harum magni dolores saepe nihil. Nam aut cumque et non.','1995-01-25 14:49:32'),(156,56,128,NULL,'Optio rerum doloremque ut nulla in. Quidem et voluptatem suscipit sed corporis quo impedit quia. Et occaecati quam sed eum aliquam. Quia nulla incidunt vel aut rerum.','2015-10-01 10:37:04'),(157,57,330,NULL,'Possimus sint alias veniam aperiam. Consequatur ut velit delectus voluptatem architecto nobis assumenda. Illum officiis aspernatur omnis aperiam accusantium maxime.','2013-03-05 19:41:18'),(158,58,175,NULL,'Aut voluptas autem quia et debitis est. Voluptatem quis aut dignissimos ut et eos. Fugiat quia dolores fuga ducimus eum ullam. Illo enim fugiat est non architecto voluptatem dolor.','1998-04-11 18:14:19'),(159,59,1,NULL,'Tenetur nobis est est enim. Eum quaerat amet omnis labore sunt. Dicta aut dolore impedit non praesentium.','2007-10-19 04:56:17'),(160,60,252,NULL,'Dolores deserunt quo ea et omnis. Fuga quo aspernatur deserunt quia vitae et repellendus ut. Tenetur cupiditate nihil ut. Non fugiat aut sint debitis ut ipsam quo.','2017-01-14 19:30:32'),(161,61,400,NULL,'Est voluptatem sit ut fuga aut facere dolor. Omnis error placeat nulla et. Id magni voluptas est dicta distinctio ipsa unde.','1987-01-26 12:36:13'),(162,62,79,NULL,'Quia expedita reiciendis rerum sint. Voluptas repudiandae sit neque numquam necessitatibus consequuntur. Porro ratione quos id beatae qui numquam.','2012-06-12 14:24:55'),(163,63,321,NULL,'Assumenda consequatur et atque a magni ducimus. Maiores iusto dolorem qui ipsa voluptatum earum velit. Aut asperiores harum mollitia.','1970-07-17 04:50:49'),(164,64,10,NULL,'Dolores sit iste numquam blanditiis autem aliquid. Omnis est modi nam dolores. Eius quia quaerat alias.','1985-04-30 02:55:15'),(165,65,94,NULL,'Nisi modi quas nulla repellendus et quia id. Debitis quasi eos voluptas ex esse voluptatem. Corrupti id alias expedita et.','1995-03-19 14:39:52'),(166,66,345,NULL,'Repudiandae qui sit facere adipisci similique a nostrum. Beatae et alias est tempore. Et assumenda ad culpa quas ducimus cumque non non.','1991-07-21 13:43:28'),(167,67,356,NULL,'Eum voluptatem quia est rerum voluptas consequatur laudantium. Voluptatibus ad officiis inventore qui tempora provident aut architecto.','1981-01-24 12:00:28'),(168,68,42,NULL,'Provident vel rerum dolorem qui. Et adipisci quo asperiores doloremque enim minima molestias. Rerum illo hic ut architecto ratione aut delectus. Aperiam dicta odit officiis facere.','1990-04-27 21:17:44'),(169,69,143,NULL,'Ut veniam consectetur fugit id impedit earum. Ducimus quo impedit voluptatem a corporis pariatur blanditiis. Fuga consequatur omnis unde. Veniam rerum sit non.','1984-06-03 08:17:55'),(170,70,304,NULL,'Molestiae qui architecto reprehenderit. Quia cum nostrum nam dolorum officia delectus dicta officiis. Accusantium ullam eum et dolorem perspiciatis.','1977-09-11 04:37:50'),(171,71,10,NULL,'Iusto molestiae commodi quis quia. Labore ipsa aut in sit accusamus perferendis. Consequuntur iste non quis iste.','2005-01-29 12:17:23'),(172,72,314,NULL,'Vero et molestias est fugit deserunt quos cumque. Tenetur autem et odit molestiae magnam. Optio cupiditate sed sit mollitia harum non temporibus. Sint aut eum repudiandae et explicabo.','2017-05-28 01:55:23'),(173,73,294,NULL,'Iure nam quasi nobis. Illo omnis labore laudantium rem laborum. Autem temporibus nesciunt cum.\nNeque minima voluptas repellat ad dolore dolorum. Vel est blanditiis neque consequuntur.','2004-12-22 04:52:06'),(174,74,202,NULL,'Sint at est nulla iusto laborum natus necessitatibus. Nesciunt debitis ea eum illo ab. Dolor corrupti iusto sit beatae sed. Iure ea expedita quos ut et non.','1970-06-07 17:09:26'),(175,75,250,NULL,'Placeat dignissimos atque quia corrupti. Ad voluptate praesentium et sint voluptas provident ut ad. Distinctio quia vitae ex esse sed nobis. Ipsum id perspiciatis et alias assumenda doloremque.','2019-10-28 09:55:03'),(176,76,66,NULL,'Enim et beatae voluptas. Enim omnis et quisquam rerum distinctio quia. Delectus ipsam hic vel illum quam qui.','1997-01-03 02:23:20'),(177,77,295,NULL,'Omnis atque modi voluptatem modi voluptatem provident. Vitae vitae sit esse doloremque fugit occaecati ipsam. Ipsam aut nisi aut est. Qui doloribus odit eum odio.','2019-02-18 07:10:10'),(178,78,119,NULL,'Unde ratione et ut fuga. Sed tenetur reprehenderit aut molestiae et eos similique. Similique suscipit nisi neque at iure qui libero. Ullam voluptatum tempore iure unde.','2011-05-27 23:20:52'),(179,79,380,NULL,'Voluptas id saepe esse qui. Rerum qui dolorem similique fuga consequuntur qui. Quia eum voluptatem dolore eos perferendis sed eos. Ipsa vitae quis consequatur sunt eius vero.','2003-10-10 10:22:47'),(180,80,247,NULL,'Vitae ut sit totam velit rerum. Aut suscipit est architecto modi. Sapiente ut deserunt expedita sed harum aut.','1988-10-01 03:26:51'),(181,81,241,NULL,'Omnis ducimus quasi sequi voluptas sed. Odio molestias quia dolores. Assumenda exercitationem voluptates et accusamus fuga quia.','1991-09-12 10:49:13'),(182,82,356,NULL,'Neque et est voluptas excepturi molestiae. Ut provident voluptas tempora aut. Repudiandae est id expedita quia veritatis non magni.','2008-08-22 01:11:56'),(183,83,292,NULL,'Delectus optio excepturi delectus consequatur et. Excepturi officiis ut incidunt iure. Quibusdam enim fugit laboriosam rerum. Ad architecto hic ad cum placeat eum eos.','1997-10-28 12:35:15'),(184,84,123,NULL,'Inventore veniam enim dolores. Expedita veritatis alias aut pariatur. Autem occaecati voluptatum et.','2008-07-04 19:21:04'),(185,85,117,NULL,'Dolores aut molestias ullam consectetur non. Officiis et repellendus voluptatum ex.\nError harum deserunt quia et consequatur nobis. Enim rerum ipsam laboriosam. Quos numquam natus molestiae commodi.','2018-07-17 22:14:29'),(186,86,152,NULL,'Et sit odit et laboriosam similique et omnis. Quia voluptas ipsa cumque quas dolores in ea. Voluptate cum quod omnis nihil numquam.','2004-02-16 15:06:09'),(187,87,251,NULL,'Quo iure aut repellat facilis quibusdam nesciunt voluptas soluta. Esse aut est totam aspernatur tenetur dolorum velit nisi. Et magni ipsam occaecati officia. Magni modi voluptatum expedita est est.','1973-04-09 01:30:31'),(188,88,46,NULL,'Perspiciatis iure minus explicabo vitae eaque sint. Atque impedit et similique nulla ut ad. Voluptatum esse et facilis ab. Laborum sint est perferendis vel sed odio quaerat magnam.','1995-01-14 22:50:11'),(189,89,326,NULL,'Enim sequi iste vel dolores pariatur temporibus. Recusandae sunt quibusdam dicta distinctio. Accusamus ex et et adipisci.','2010-09-13 05:12:05'),(190,90,252,NULL,'Omnis a aut qui. Unde iure numquam quia tempora. Ipsam nihil beatae ipsum autem ut.','1975-10-22 08:39:03'),(191,91,297,NULL,'Eligendi qui laudantium ullam non sed voluptatem quaerat. Sed rerum cumque quam suscipit. Sint fugit non tempore dolor dolores.','1975-12-09 12:58:31'),(192,92,325,NULL,'Ut impedit consequatur asperiores autem quia rerum. Quia laudantium ut vero animi. Qui rerum odio explicabo minima aut qui possimus.','2017-11-30 06:17:59'),(193,93,331,NULL,'Facere eum repellat voluptatibus quasi dolorum voluptas. Voluptatem ipsum excepturi vero beatae at eaque et. Id eius eligendi doloremque eos necessitatibus voluptatem.','1996-01-25 06:53:26'),(194,94,218,NULL,'Deleniti et doloremque voluptas eum odio debitis. Accusamus qui excepturi natus aspernatur. Eius voluptates expedita et consectetur illum non.','1988-09-28 19:34:49'),(195,95,335,NULL,'Quia eius inventore eligendi fuga et. Voluptate et quod quidem velit. Qui quia aliquid ipsa fugiat corporis qui. Aut consequatur ducimus est fugiat.','1991-09-04 04:51:53'),(196,96,24,NULL,'Commodi temporibus eum dolorem voluptate necessitatibus. Fugiat expedita eum maiores amet repudiandae. Necessitatibus doloremque consequatur tenetur error.','2009-12-10 16:38:49'),(197,97,162,NULL,'Quia suscipit aut illo sequi omnis. Corporis consequatur ea voluptatem quam amet sed. Enim vel illo exercitationem qui recusandae voluptate. Doloremque id aut nemo aut velit molestiae eveniet.','1991-05-07 11:16:23'),(198,98,290,NULL,'Quasi tempora molestiae voluptatem totam. Enim et architecto dolor dolores. Quas et distinctio et. Ut id quos repellendus ut magni.','1994-01-05 00:04:30'),(199,99,65,NULL,'Odit et non laudantium quo. Qui velit dolorem harum consectetur beatae quibusdam. Nostrum iusto eos rerum ut iusto.','1982-08-29 14:34:46'),(200,100,305,NULL,'Aliquid aut odit sit eveniet. Omnis et id distinctio est alias. A magni sunt reiciendis tenetur ea.','1979-09-04 10:54:17'),(201,1,194,NULL,'Et quos odit atque dolores fugiat dignissimos. Aut atque consectetur ut.','1995-01-15 14:14:42'),(202,2,75,NULL,'Unde quis tempore autem ullam veniam facere voluptas. Eius eum et sint non. Neque soluta dolor quia aut et vel.','1989-06-19 12:11:17'),(203,3,218,NULL,'Eos numquam sed nisi ut. Porro dolorum recusandae eaque perspiciatis. Sint quos quos ad libero veniam recusandae. Dicta ipsa autem error error nostrum.','2017-12-26 08:14:48'),(204,4,87,NULL,'Laboriosam nihil quis itaque asperiores. Nisi sunt dolorem iste et id quasi. Explicabo ex voluptate ratione aut ea aut. Excepturi minus eaque vel repellendus eos qui.','1985-10-19 07:11:13'),(205,5,277,NULL,'Placeat culpa eum itaque reiciendis quod sapiente. Voluptatibus laboriosam accusamus quisquam sunt sapiente incidunt. Tenetur modi consequatur eum suscipit sit minima dolor.','2018-07-13 06:13:58'),(206,6,68,NULL,'Laborum consequatur aut dolore optio et necessitatibus pariatur. Veniam excepturi ut et ullam. Quae sunt sit consequatur occaecati beatae eum. Eius beatae nihil rerum perferendis corporis dolor.','1990-11-08 10:46:14'),(207,7,153,NULL,'Repellat magni cum sunt quos. In fugiat aliquam culpa atque eos eum cum. Ipsum iusto quia et.','1986-03-29 20:52:05'),(208,8,171,NULL,'Sequi numquam quia sed perspiciatis tenetur in ea. Dolores quos corrupti animi error veritatis sed. Qui magni enim sint dolorum soluta ea dicta cumque. Delectus esse ea praesentium nisi ut.','2004-01-27 14:21:36'),(209,9,186,NULL,'Aliquid voluptas fugiat nam odit voluptas iusto a. Et consequuntur quia sunt dolorum consectetur doloremque.','2018-09-07 13:17:53'),(210,10,132,NULL,'Perspiciatis atque maiores dolore. Voluptas illo omnis commodi ut.\nNon dolore illum enim ullam voluptatem est. Illo sunt sunt natus perspiciatis et rerum voluptatem.','1989-07-03 09:50:49'),(211,11,18,NULL,'Animi debitis dolor voluptatem est. Repellendus voluptas facilis laborum incidunt accusamus ipsa possimus qui.\nIllo numquam accusamus fuga iure dignissimos dolorem. Cupiditate nesciunt id accusamus.','1994-04-23 02:59:37'),(212,12,27,NULL,'Quam expedita quo dolores placeat consequatur consectetur amet voluptas. Placeat quisquam autem illum iste placeat quia minus quisquam. Sed et repellendus in ab alias quasi.','2010-01-16 20:33:58'),(213,13,87,NULL,'Illum ut non aut autem. Inventore aspernatur sit iste exercitationem. Ad aut non temporibus et sed optio ut.','1998-05-25 17:28:15'),(214,14,309,NULL,'Adipisci dolores doloremque quos dolor magni cupiditate. Error ut dolorum aperiam iste deserunt. Provident ipsum ut accusantium numquam. Qui ea eius laboriosam sint animi distinctio tempora sit.','2017-07-03 23:36:03'),(215,15,150,NULL,'Officia aut officia et repellat. Unde quia voluptas pariatur et optio voluptatem. Aspernatur ut itaque animi minus et dolore ducimus. Quas ratione dolor consectetur non et.','1996-07-10 22:32:25'),(216,16,204,NULL,'Placeat aperiam esse et nostrum. Dolorum ullam repellat quia. Consequuntur sint quaerat ut eligendi necessitatibus quod.','1994-01-13 04:24:17'),(217,17,60,NULL,'Porro eius veniam fugit eum explicabo reprehenderit sed. Officiis consequatur laudantium earum odit. Rerum provident optio nulla. Et et rerum voluptas consequuntur officiis.','1977-07-07 08:48:43'),(218,18,1,NULL,'Officiis ut quo optio iste. Voluptatem optio consectetur ut corrupti pariatur.','2004-01-15 09:45:41'),(219,19,249,NULL,'Culpa corrupti nesciunt numquam excepturi. Voluptatem in molestiae quia consequatur. Ipsam mollitia quia harum sit consequatur.','2017-01-26 03:50:24'),(220,20,385,NULL,'Amet alias tenetur quo perferendis dolorum eos. Vel non omnis assumenda ut ut. Laudantium est eum recusandae exercitationem recusandae quam libero. Autem rerum animi ipsam eum rerum voluptatem id.','2005-05-03 11:30:58'),(221,21,252,NULL,'Commodi nulla labore distinctio ipsam. Excepturi unde eligendi sint et. Sint labore rerum voluptas odit architecto. Aut qui quo fugit dolore est consequatur quod.','1976-09-18 07:56:06'),(222,22,146,NULL,'Sunt delectus ex ab et cumque nihil officiis. Perferendis tempora nobis et harum. Perferendis rerum provident id earum aut.','1990-06-19 08:58:47'),(223,23,310,NULL,'Dolores sint molestias et et aut. Omnis voluptatum nihil in corporis rem. Perferendis quia saepe voluptatem similique qui. Aut aliquam soluta quo quia quo sed.','2001-05-04 14:48:10'),(224,24,182,NULL,'Voluptas et tempora ad corporis consequatur placeat in. Rerum est optio porro qui. Autem suscipit voluptatem placeat consectetur laudantium. Deserunt et fugit maxime deleniti totam non.','1984-03-29 20:39:22'),(225,25,364,NULL,'Et at incidunt vero nesciunt culpa dolore itaque et. Corporis tenetur ducimus error. Error commodi odit deleniti maxime.','1977-12-09 03:28:52'),(226,26,244,NULL,'Ut inventore unde velit occaecati ea quaerat. Eum molestiae est esse reprehenderit facilis eligendi. Dignissimos deserunt atque voluptatum. Quasi debitis ipsam natus molestiae consectetur.','1983-06-07 20:43:22'),(227,27,205,NULL,'Eaque molestiae magni maiores ea est. Quia qui ipsa laudantium deleniti qui minima. Voluptatem id fugit a. Sunt animi cumque non tenetur necessitatibus officia quia.','1999-09-24 21:34:30'),(228,28,126,NULL,'Veniam ut dolore nobis maxime perferendis sequi. Delectus odit voluptas quo odit architecto et repellat et.\nQuam nulla distinctio qui sint neque magni corporis. Id voluptates blanditiis fuga quis.','1975-07-16 08:24:42'),(229,29,134,NULL,'Aut dolorum est esse maiores ut quis dignissimos architecto. Harum et quisquam totam iusto ex aliquid. Eligendi minus a cupiditate debitis esse.','1971-08-03 11:01:08'),(230,30,270,NULL,'Unde reprehenderit explicabo quas qui. Laborum magnam et dolores animi.','1975-10-29 12:46:48'),(231,31,30,NULL,'Reprehenderit ab omnis animi aliquid. Sapiente harum sit quod impedit saepe ut assumenda ullam.\nImpedit sed ratione in debitis occaecati. Omnis tempore placeat nam eos ratione.','2001-05-09 03:38:25'),(232,32,328,NULL,'Expedita debitis quidem facilis et occaecati. Vel ea voluptatem magnam eos adipisci rerum aut. Perspiciatis voluptatem enim atque.','1989-05-28 22:48:14'),(233,33,345,NULL,'Sed sit excepturi totam. Reprehenderit natus suscipit libero et nam. Fuga architecto quibusdam ut porro ipsa.','2000-05-22 12:47:35'),(234,34,248,NULL,'Est porro dolorem ipsa facilis. Dolorum quia voluptate quia et voluptatem. Minima qui nam quos non. Laboriosam et distinctio laudantium esse porro.','1988-10-30 19:38:12'),(235,35,14,NULL,'Ea et enim magnam necessitatibus. Quia ut inventore necessitatibus quam quia est. Atque ducimus omnis dicta.','2003-09-04 01:50:12'),(236,36,221,NULL,'Iure ipsam ut ab placeat iure sit at. Eius rerum rerum dicta quos consectetur labore perspiciatis. Qui tempora repellat nisi assumenda exercitationem dolores. Dolor et eaque quis assumenda.','1986-09-19 23:51:32'),(237,37,316,NULL,'Quia voluptas fugiat cumque et. Natus architecto aspernatur minima eligendi. Quam sunt rerum quo est.','1985-12-09 05:42:34'),(238,38,166,NULL,'Deserunt ut aut modi eos qui eligendi. Quibusdam voluptas nihil et voluptatem. Commodi qui molestiae pariatur dicta itaque laudantium. Magni rerum commodi eos.','1971-10-17 21:18:41'),(239,39,392,NULL,'Quia odit accusantium hic voluptatem nam officia alias. Corrupti nostrum dolores sapiente et. Suscipit eum illo expedita cumque et.','1997-11-06 05:29:05'),(240,40,101,NULL,'Et molestiae et omnis occaecati. Debitis ratione et aut saepe laudantium et aut natus. Asperiores nesciunt tempore repudiandae doloremque sequi cupiditate.','1988-02-05 23:28:56'),(241,41,298,NULL,'Minima qui aliquam repellendus. Illum quis et enim facilis. Rerum quis modi maiores deleniti ut delectus.','1980-04-10 22:28:38'),(242,42,9,NULL,'Facere rerum et quod voluptatem veniam. Officiis et qui ea quo voluptatem. Nobis repellendus nihil voluptatem officia fugiat tenetur in. Omnis omnis ipsa rerum.','1974-11-27 10:58:49'),(243,43,128,NULL,'Unde natus dolorem dolores recusandae amet voluptate. Velit rerum eos vel cumque nihil nostrum. Culpa dolorem et et velit ut et. Debitis nesciunt pariatur fugiat et velit exercitationem est ut.','2014-01-26 21:15:23'),(244,44,385,NULL,'Sed inventore consequatur consequatur iure aut iste. Vero aut tempore laborum nobis accusantium voluptatum. Quas totam quae dolorem hic minima est odio. Rerum maiores id quia pariatur.','2017-12-30 11:34:23'),(245,45,317,NULL,'Similique enim sed qui maiores magnam. Voluptatem provident velit beatae similique optio architecto.','2016-02-18 13:43:03'),(246,46,277,NULL,'Hic tempora hic laborum praesentium laboriosam reiciendis. Debitis dolore voluptatum iure eos. Magnam incidunt libero nesciunt modi corrupti quasi.','1988-07-31 11:05:32'),(247,47,188,NULL,'Qui quibusdam totam voluptatem ex hic nihil dicta. Magni id repellat excepturi beatae aut id. Corporis qui omnis ut. Quam eligendi illo dolores placeat assumenda nobis.','1999-04-25 00:48:47'),(248,48,376,NULL,'Deserunt sed recusandae vel ab ipsa et. Illo rerum accusamus exercitationem veritatis dolores et. Accusantium ut eum in.','1978-03-19 00:46:51'),(249,49,277,NULL,'Beatae placeat nobis illo in. Voluptatem tenetur est eos ea. Rerum fuga aut eligendi error quos est eum. Aut nisi optio est ex minus aut optio. Hic vel omnis voluptatem fuga.','2017-03-15 09:41:28'),(250,50,36,NULL,'Est qui quis odit temporibus autem aliquid nihil et. Et nobis enim ab et laborum odit.\nEligendi id vitae provident in et. Aspernatur omnis et autem magni architecto. Ut a ut quis.','1988-05-29 13:10:33'),(251,51,361,NULL,'Quaerat magnam assumenda est. Quia aut eum est ipsa tenetur et laudantium dolorum. Accusantium tempora et magnam suscipit. Labore nihil unde voluptates et sint.','1973-05-11 03:34:52'),(252,52,128,NULL,'Eos vel cupiditate et non. Sit reiciendis sapiente sit aut odit laborum aut. Ipsa occaecati pariatur sit non.','1989-08-31 09:45:36'),(253,53,182,NULL,'Consequatur recusandae exercitationem est minus eaque. Ut omnis sunt et corrupti qui aut odit. Accusamus ad adipisci et. Est voluptatibus rerum rem eos sequi ut.','1971-04-25 03:10:40'),(254,54,271,NULL,'Voluptatem accusantium possimus recusandae autem quo. Consequatur quia et eius dolorem. Velit et voluptatem minima consequatur. Molestias aut ratione et consequatur vel.','1983-05-05 14:18:36'),(255,55,309,NULL,'Magni velit rerum non culpa sequi commodi. Molestiae sunt vero quisquam laborum. Debitis reiciendis sunt impedit magnam harum cupiditate. Repellat voluptas sequi molestiae aut.','1988-08-17 14:18:01'),(256,56,145,NULL,'Tempora ut veritatis dignissimos ipsa. Voluptas delectus fuga aut ea deserunt laboriosam. Quidem id saepe debitis mollitia. Molestiae illum eos doloremque esse ea non delectus.','2013-07-12 04:23:36'),(257,57,115,NULL,'Est reprehenderit incidunt molestiae molestiae tenetur et. Qui aliquid alias recusandae rem culpa omnis amet. Nesciunt quo cum maxime commodi eum quis quidem.','1976-05-31 14:46:23'),(258,58,114,NULL,'Veritatis voluptas quia beatae provident laborum modi dolore. Ducimus eaque natus et ipsa. Sint eveniet sit aut ea eaque sunt enim repellat.','2008-11-09 20:56:17'),(259,59,270,NULL,'Enim quia nisi mollitia voluptas aspernatur qui quis maxime. Molestias soluta iste nihil harum explicabo nemo dolore. Quae nihil nihil nemo dolore ut porro debitis.','2020-05-05 00:31:49'),(260,60,249,NULL,'Et eaque ut dicta. Error fugit optio nihil modi. Autem et rerum cum maiores recusandae numquam beatae. Atque atque aut quaerat rerum voluptatem quia itaque aut.','1999-08-19 07:05:04'),(261,61,383,NULL,'Aliquid vel qui incidunt ipsa. Unde aut animi consectetur qui ducimus. Vel possimus repellat vitae est doloribus ut ut. Nihil eos pariatur accusantium qui velit.','1986-12-05 22:35:58'),(262,62,300,NULL,'Ratione sed vel omnis et excepturi quis. Ea quia quia animi laborum. Ipsum earum soluta earum quia quibusdam delectus vitae reiciendis. Et repellendus libero eveniet vel.','2020-04-27 05:45:19'),(263,63,176,NULL,'Minima laboriosam non tempore qui quia nesciunt delectus. Enim omnis et aspernatur id et non accusantium. Fuga nisi expedita accusantium quasi sequi excepturi itaque.','2013-04-25 10:36:31'),(264,64,327,NULL,'Non accusamus sed velit doloremque non. Culpa ut quis eum eum voluptatibus exercitationem. Fuga qui ad molestiae dolores quasi placeat et. Aut ab commodi tempora provident.','1998-07-26 02:52:03'),(265,65,147,NULL,'Dolore officiis aperiam officia ullam pariatur neque recusandae. Aperiam magnam cupiditate debitis nostrum. Est alias doloribus sed qui quis.','2015-09-29 01:57:24'),(266,66,189,NULL,'Id fugit ab quas consequatur eaque mollitia ab. Nihil perspiciatis nostrum voluptatem dolores delectus.','2002-11-20 10:49:41'),(267,67,148,NULL,'Impedit assumenda ad aut. Non provident velit optio est iste quasi. Labore dolores dolorem aliquid rerum similique esse.','1994-09-14 06:55:07'),(268,68,62,NULL,'Voluptate qui ab reprehenderit. Quia fuga accusantium eum modi ipsam et cupiditate. Mollitia in quis numquam sunt numquam nihil laudantium. Aliquid dolor veritatis quia delectus cupiditate in quidem.','2001-03-30 20:21:28'),(269,69,355,NULL,'Sapiente quisquam recusandae molestias aliquam quis. Reiciendis quas ipsa numquam unde. Iste asperiores tempora et. Adipisci est reprehenderit in.','1979-02-01 20:35:53'),(270,70,139,NULL,'Quis cum voluptate neque ut unde excepturi ratione. Ipsum aut veritatis sed delectus voluptatem. Soluta minus dolorum in dolorem fugiat.','2004-10-31 20:05:34'),(271,71,163,NULL,'Et inventore molestias et modi qui. Aut voluptas autem non culpa laudantium. Velit aperiam similique quae occaecati. Aut necessitatibus nisi quas temporibus eos.','2008-01-14 04:38:12'),(272,72,252,NULL,'Voluptate asperiores sit et ad vitae non. Dolorem non corporis qui optio omnis nam. In perferendis est quia reprehenderit ipsa.','2018-02-21 00:13:21'),(273,73,147,NULL,'Est quia vero rem. Facere aliquid repellendus possimus qui voluptas. Laboriosam fuga tenetur labore amet vel.','1998-04-03 23:07:02'),(274,74,290,NULL,'Sunt voluptas reiciendis odio. Maiores quam molestias consequatur maiores.','2017-10-13 08:16:19'),(275,75,236,NULL,'Dolorum inventore ea autem sequi in tenetur rerum aut. Et totam architecto dolorem ratione et eos eius. Dolorem dolor itaque soluta qui illo maxime cumque voluptatibus. Maiores quisquam ad rerum.','2009-04-13 08:40:21'),(276,76,64,NULL,'Quis molestiae praesentium officia assumenda et ducimus. Dolore mollitia sint maiores illo. Voluptatem amet et animi voluptatem.','2002-05-25 00:38:02'),(277,77,167,NULL,'Sit autem laudantium perferendis rerum autem adipisci incidunt mollitia. Fugiat aut nobis deleniti dignissimos. Sapiente praesentium commodi ut soluta quod dolorem vitae nihil.','1991-11-23 16:13:06'),(278,78,23,NULL,'Aut optio dolor aut ad sed laborum. Facere voluptates officiis odio quae id quas molestiae. Nesciunt dolorem quis qui in sapiente. Cumque ea exercitationem id est saepe enim.','1994-12-06 14:44:54'),(279,79,40,NULL,'Quibusdam ex et sint eos totam temporibus qui. Ad voluptas aut maiores consectetur. Fugiat perspiciatis et eos quam rerum est.','1976-03-26 02:42:46'),(280,80,43,NULL,'Assumenda quis eos voluptatum nihil voluptatem. Velit ab pariatur doloremque cum. Ratione sunt voluptas omnis non.','1998-08-18 23:10:07'),(281,81,59,NULL,'Fuga a sed tempora iste. Maiores quia exercitationem similique nisi sit qui est. Totam consequatur dolor accusamus eius.','1990-06-12 18:01:50'),(282,82,1,NULL,'Sapiente dignissimos nesciunt voluptatibus placeat et accusamus. Est voluptate est et alias culpa.','1998-05-13 03:54:56'),(283,83,171,NULL,'Est voluptatem tenetur itaque est. Consequatur iure qui ducimus ad perferendis aut possimus esse. Quaerat nesciunt omnis enim itaque culpa quasi temporibus et.','1985-09-17 16:05:11'),(284,84,240,NULL,'Voluptates nobis accusamus vero nam aliquid voluptatem. Non deleniti voluptates deleniti eaque delectus. Consequatur veniam dignissimos et. Qui enim sequi occaecati.','1993-07-08 01:02:03'),(285,85,271,NULL,'Ipsam est odit molestiae. Id qui ea provident quia ut. Quia nihil odit consequatur ut voluptatem.\nAut explicabo officia repellendus. Nesciunt quis libero aperiam. Voluptas expedita molestias maiores.','1997-06-19 01:44:19'),(286,86,80,NULL,'Reiciendis aliquam voluptas quos nulla minus qui. Vitae alias et quasi soluta laborum voluptas. In ratione laborum accusantium ipsam aut.','1994-11-27 22:37:53'),(287,87,385,NULL,'Laborum occaecati est provident aliquam repellendus aliquam nihil. Et eveniet cumque rerum suscipit. Deleniti voluptatem fugit deleniti est ut ea est laborum. Quo ipsum rerum enim vel.','1997-11-16 12:10:43'),(288,88,386,NULL,'Eos facere numquam atque eum. Repudiandae beatae eveniet architecto quidem. Eos delectus molestiae libero ratione veniam reiciendis et.','1986-07-31 13:47:19'),(289,89,193,NULL,'Facere molestiae officia vel et rerum. Nihil a labore iste. Consequuntur iusto qui impedit et. Minus earum assumenda sed et.','1986-05-24 08:37:59'),(290,90,254,NULL,'Repellendus reiciendis expedita excepturi repellendus. Dolor voluptates molestiae numquam facilis. Perspiciatis sit eos voluptate amet et.','1975-06-23 02:03:44'),(291,91,234,NULL,'Occaecati ratione sapiente deserunt nihil sint omnis quidem. Aut non sint accusantium voluptas amet et. Suscipit eaque non est autem deserunt blanditiis ad.','1990-11-18 09:02:05'),(292,92,175,NULL,'Alias nihil beatae cumque commodi. Voluptas atque fugit voluptate quis atque repellat aut. Est hic voluptates doloribus aperiam. In sed excepturi blanditiis voluptates quisquam.','2018-02-26 21:10:51'),(293,93,153,NULL,'Qui qui voluptatum iusto molestiae accusamus. Minus voluptatibus et expedita qui earum pariatur modi. Ab dolores ducimus pariatur ipsum laborum ipsum exercitationem.','2006-01-07 14:12:22'),(294,94,9,NULL,'Corporis eos ducimus dolores cupiditate numquam. Excepturi velit velit repudiandae neque quae deleniti. Non architecto eos quo aliquam laudantium. Et consequatur culpa vel quod esse.','2002-01-15 12:45:00'),(295,95,102,NULL,'Qui non maxime repudiandae laborum rerum. Iusto itaque ut recusandae nisi. Fugit odio quae necessitatibus sed amet sapiente.','1999-07-01 13:46:11'),(296,96,300,NULL,'Explicabo nihil aut omnis doloribus nobis. Fugit sunt neque voluptate adipisci corporis iure mollitia. Asperiores quas soluta sit et. Dicta aperiam et dolor quidem ut.','2013-10-24 15:07:50'),(297,97,198,NULL,'Dolorem aut pariatur dicta a. Voluptatem sed illum laboriosam laudantium aut sit. Voluptas modi odit libero id. Facilis cumque nihil accusantium amet ipsam atque.','2016-09-09 07:29:40'),(298,98,249,NULL,'Reprehenderit ab quia quod animi et dolore. Numquam ut consectetur corrupti tempora vel. Earum velit dolorem autem eligendi distinctio et saepe.','1982-08-26 07:01:13'),(299,99,362,NULL,'Non ea quia nulla dignissimos. Ut qui ipsum iure quo. Aliquid sunt vitae facilis quas id.','2002-05-06 06:14:38'),(300,100,153,NULL,'Deserunt alias similique qui ullam dolor id expedita. Eius quod rerum soluta consequatur. Facilis non modi placeat voluptas. Eius est recusandae sed vel autem.','1985-12-25 21:24:47');
/*!40000 ALTER TABLE `comments` ENABLE KEYS */;
UNLOCK TABLES;

--
-- Table structure for table `likes`
--

DROP TABLE IF EXISTS `likes`;
/*!40101 SET @saved_cs_client     = @@character_set_client */;
/*!50503 SET character_set_client = utf8mb4 */;
CREATE TABLE `likes` (
  `user_id` bigint unsigned NOT NULL,
  `post_id` bigint unsigned NOT NULL,
  `comment_id` bigint unsigned DEFAULT NULL,
  PRIMARY KEY (`user_id`,`post_id`),
  KEY `FK_post_id` (`post_id`),
  KEY `FK_comment_id` (`comment_id`),
  CONSTRAINT `FK_comment_id` FOREIGN KEY (`comment_id`) REFERENCES `comments` (`id`) ON DELETE CASCADE ON UPDATE CASCADE,
  CONSTRAINT `FK_post_id` FOREIGN KEY (`post_id`) REFERENCES `posts` (`id`) ON DELETE CASCADE ON UPDATE CASCADE,
  CONSTRAINT `FK_user_id` FOREIGN KEY (`user_id`) REFERENCES `users` (`id`) ON UPDATE CASCADE
) ENGINE=InnoDB DEFAULT CHARSET=utf8mb4 COLLATE=utf8mb4_0900_ai_ci;
/*!40101 SET character_set_client = @saved_cs_client */;

--
-- Dumping data for table `likes`
--

LOCK TABLES `likes` WRITE;
/*!40000 ALTER TABLE `likes` DISABLE KEYS */;
INSERT INTO `likes` VALUES (1,1,1),(2,2,2),(3,3,3),(4,4,4),(5,5,5),(6,6,6),(7,7,7),(8,8,8),(9,9,9),(10,10,10),(11,11,11),(12,12,12),(13,13,13),(14,14,14),(15,15,15),(16,16,16),(17,17,17),(18,18,18),(19,19,19),(20,20,20),(21,21,21),(22,22,22),(23,23,23),(24,24,24),(25,25,25),(26,26,26),(27,27,27),(28,28,28),(29,29,29),(30,30,30),(31,31,31),(32,32,32),(33,33,33),(34,34,34),(35,35,35),(36,36,36),(37,37,37),(38,38,38),(39,39,39),(40,40,40),(41,41,41),(42,42,42),(43,43,43),(44,44,44),(45,45,45),(46,46,46),(47,47,47),(48,48,48),(49,49,49),(50,50,50),(51,51,51),(52,52,52),(53,53,53),(54,54,54),(55,55,55),(56,56,56),(57,57,57),(58,58,58),(59,59,59),(60,60,60),(61,61,61),(62,62,62),(63,63,63),(64,64,64),(65,65,65),(66,66,66),(67,67,67),(68,68,68),(69,69,69),(70,70,70),(71,71,71),(72,72,72),(73,73,73),(74,74,74),(75,75,75),(76,76,76),(77,77,77),(78,78,78),(79,79,79),(80,80,80),(81,81,81),(82,82,82),(83,83,83),(84,84,84),(85,85,85),(86,86,86),(87,87,87),(88,88,88),(89,89,89),(90,90,90),(91,91,91),(92,92,92),(93,93,93),(94,94,94),(95,95,95),(96,96,96),(97,97,97),(98,98,98),(99,99,99),(100,100,100);
/*!40000 ALTER TABLE `likes` ENABLE KEYS */;
UNLOCK TABLES;

--
-- Table structure for table `media`
--

DROP TABLE IF EXISTS `media`;
/*!40101 SET @saved_cs_client     = @@character_set_client */;
/*!50503 SET character_set_client = utf8mb4 */;
CREATE TABLE `media` (
  `id` bigint unsigned NOT NULL AUTO_INCREMENT,
  `downloader_id` bigint unsigned NOT NULL,
  `src_hash` varchar(255) NOT NULL,
  `type_id` int unsigned NOT NULL,
  `upload_date` timestamp NOT NULL DEFAULT CURRENT_TIMESTAMP,
  PRIMARY KEY (`id`),
  KEY `FK_media_type_id` (`type_id`),
  KEY `FK_downloader_id` (`downloader_id`),
  CONSTRAINT `FK_downloader_id` FOREIGN KEY (`downloader_id`) REFERENCES `users` (`id`) ON UPDATE CASCADE,
  CONSTRAINT `FK_media_type_id` FOREIGN KEY (`type_id`) REFERENCES `media_types` (`id`) ON UPDATE CASCADE
) ENGINE=InnoDB AUTO_INCREMENT=501 DEFAULT CHARSET=utf8mb4 COLLATE=utf8mb4_0900_ai_ci;
/*!40101 SET character_set_client = @saved_cs_client */;

--
-- Dumping data for table `media`
--

LOCK TABLES `media` WRITE;
/*!40000 ALTER TABLE `media` DISABLE KEYS */;
INSERT INTO `media` VALUES (1,1,'6d9ccc484469afb955849487b7882e1ec7c0ce63',1,'1989-11-16 23:02:58'),(2,2,'a9303bc604ba1fa16afaef9e9a1805fc574dcace',2,'2008-02-13 11:59:50'),(3,3,'ee510d857beab106c5222a2c57002b5c5b52e4b3',1,'2006-10-07 19:30:19'),(4,4,'727389669b7e54471acf91eb75b596339cd754dc',2,'1978-03-08 04:33:50'),(5,5,'bbc576ee6f4f0ab94e9d37fbfbed4338e1ae0b2e',1,'1973-02-07 16:57:16'),(6,6,'afbc7a323964eb2e7c4fb02561aa70da26ef1b60',2,'1985-07-15 02:21:45'),(7,7,'9a95ff26e932742fa50e692bcfbc268e74487aa3',1,'1992-07-13 22:12:43'),(8,8,'62c5b0aba3a70e3b8051bbfb8f02afe4c1b0da7f',2,'2014-10-14 19:18:30'),(9,9,'b4641a31bf12105ccacb994b81850db343205215',1,'2017-05-01 21:34:33'),(10,10,'4c1b8335b90fc6f9fd7277d5b2223a6a8f8155a8',2,'2019-06-20 07:11:38'),(11,11,'5bb0b809c172c10291bdbc1512671968fe1a9db9',1,'1987-04-23 11:45:46'),(12,12,'2c6d56c13d8f8b665a47c1241b45049a32866968',2,'1976-12-01 00:51:16'),(13,13,'2a3b942d179fb4b42aaef32ef08af8a62c9034e3',1,'1974-03-20 09:04:37'),(14,14,'7e1a11bd5972d6d410ae57e6eeb58ea8c8cb38e8',2,'1990-05-19 03:20:59'),(15,15,'78c3756850eb5cd85329f9a9d41f5209561d52b2',1,'1971-01-15 23:00:55'),(16,16,'4f6a8d5f3d695050acfbe7778f5ef6681913779d',2,'2000-08-26 01:53:05'),(17,17,'a2d68f2e5e772f0f19b716716dc382f204a4176e',1,'1991-11-16 09:34:09'),(18,18,'7bc5d7b5352eceaa27091be84df29e2d9a57c874',2,'2007-08-30 05:48:05'),(19,19,'f86b6adcacccd3ee5a6f2dc5af03de3be2cd19d0',1,'2000-06-29 00:23:44'),(20,20,'6ba871d63e338dfaf57cd05d64e3516818d23380',2,'1997-04-26 06:02:58'),(21,21,'bc320e1372e4ae948c2e239649576979d6901d82',1,'1983-07-14 15:51:18'),(22,22,'eda61df3ce88ae8d5fbd8a72e062eed68e9ec4eb',2,'2002-04-30 14:59:32'),(23,23,'31540078f29681227f01e157dc299361426deab1',1,'1991-02-23 02:37:24'),(24,24,'77e38158619dd872aebf0dec1b032c896f03bbff',2,'1992-02-22 02:00:02'),(25,25,'c6c0c9e7d1f879c77eac7265107577ad9f65f749',1,'1983-10-29 22:27:29'),(26,26,'521724102935ad6cb39ee86498c9bc28cd46588f',2,'2015-05-24 10:01:46'),(27,27,'38bb9cc0cfa605cdbbe80def77d21cc03a0e9b08',1,'2016-10-10 13:45:16'),(28,28,'3d3d0a9fb3eec50a956a8a9d1ec2fb67f1338086',2,'2012-01-12 15:33:43'),(29,29,'eae4b6f1127a7590cafbcaa76e1b43bbc528cdb7',1,'1994-04-07 11:10:00'),(30,30,'37dfbd237b8698eb205622e2ac84448b274e6fc3',2,'1982-12-03 03:27:50'),(31,31,'7cefaa34a0b4fbbc40c800a69760d23a48eae2fe',1,'1986-10-03 07:22:35'),(32,32,'0f118742ed6c1578fc9cc84e2483e33899a5e056',2,'1978-11-27 02:28:09'),(33,33,'87aacb7b24e4ac2f428f206abee887f3a6b7e3ab',1,'1977-12-22 17:02:22'),(34,34,'8accef0596f0f649a8666db55a94e5a5a0a545fb',2,'1979-03-25 11:59:01'),(35,35,'308e3acc0069f615df6dba22aee3489d1423c78c',1,'1984-11-08 21:18:54'),(36,36,'8c3fec4151b7614c7f5804364321513526e7e415',2,'2005-05-29 01:19:19'),(37,37,'fa3b6814e7baeb033ce5b0b1414b55eb47ad7bf6',1,'1975-01-14 08:05:30'),(38,38,'d04ac11f3928edf2b10fe0483d3c2797c0446eb6',2,'1988-04-16 20:40:22'),(39,39,'768c2af5073feb58b076ef7da41e1936a60a270c',1,'1972-07-30 11:13:42'),(40,40,'6c418e0a1cd4151896518d38f9006ab61e099052',2,'2011-01-24 22:51:00'),(41,41,'8e07f4995c1921acdb7f6c7f9f206eb600466c4a',1,'2014-01-20 16:41:42'),(42,42,'ed2b7bf1de9f78fd0df0ed49de1d9b4f3d33cfd1',2,'1990-11-29 08:52:44'),(43,43,'21676e9347a5b06388a2ac39ca7a778663dc1b03',1,'1992-12-28 17:25:06'),(44,44,'a45ec917138266ede466fed24f9c1667d4a0ebca',2,'2018-03-17 23:31:22'),(45,45,'dcaf5c00c57dd902607c34a5eff3cb1038c003b9',1,'2017-10-09 00:39:39'),(46,46,'593e236b329f5917d5c0076afac69766a2447e54',2,'1972-11-06 17:07:23'),(47,47,'1881ba0b166872fa351f5d9d570c9f61fe8ff8b8',1,'1980-10-31 03:04:25'),(48,48,'a94dd4080893045cedd85d2d6c0df70b1e6d1666',2,'1977-11-25 20:04:03'),(49,49,'03a59ed0453aceb311b25de7828f2ced93f8397a',1,'2000-09-09 15:29:09'),(50,50,'6126686785c323ae661c2206ff9207fbd1cc0153',2,'2009-09-23 15:56:28'),(51,51,'0b553ca5d5840cf426af86ea37d2dd21366771b1',1,'2015-10-27 10:02:54'),(52,52,'f3327e1d993ecf602ae7c13e692e1e8b5a2bc7f9',2,'1978-04-28 06:15:24'),(53,53,'6a7a34d0b7a4635845756bfe5dc64712722294f8',1,'1975-10-24 13:32:19'),(54,54,'e735122cbe2c638bf45f6b081c84b36a8f24f9c7',2,'1996-07-15 18:26:38'),(55,55,'1f87fb6cec23b605801343df656ffbf4193993f0',1,'2014-06-14 13:06:45'),(56,56,'417b9d77bcf82531c54c1add414a89aea06b38a2',2,'2015-07-29 21:18:02'),(57,57,'e761e5d2c777a1a69ee1828920adafc89c540717',1,'1986-09-09 16:43:27'),(58,58,'a0fe2373d872bef767b9f3a3e8e5d46a4b22fa13',2,'1985-12-22 01:27:30'),(59,59,'8bbe471a4808d95dc85c30a0d99dd9b433c39f8d',1,'1984-11-22 05:23:38'),(60,60,'c3ed1924264f33cc1ca0bd7a13d94271ad14ad87',2,'1995-03-06 06:20:03'),(61,61,'5993212d46339ea87a09bfa684950d62e6336800',1,'1995-03-25 15:54:07'),(62,62,'a809e1016b7143aa51cd102d1c96b257f5a9bbe2',2,'2005-08-12 15:04:38'),(63,63,'acc2c4956843ea51ce3020ef4ded5f281a9b93e7',1,'1974-06-28 09:32:21'),(64,64,'efa610acd074a62f6c80f2c280b0575790d21b22',2,'2005-04-26 00:18:41'),(65,65,'f4b5619a28d5da9ac0dc293548b83bd8be1033b8',1,'2014-06-02 19:18:55'),(66,66,'0816077bc998ff5be83390bd555af74488b99205',2,'1974-04-25 06:34:43'),(67,67,'82eebdb943f7e0ad31562cac9a647832043300e9',1,'1999-01-24 13:16:44'),(68,68,'6d20e25abfe56805bd9cb8c5e13275c6d7150c4d',2,'1980-07-27 02:51:30'),(69,69,'b3de81e94f972f35cbb0f2a6f2840fe69855dead',1,'1986-03-27 04:58:18'),(70,70,'ba5a35deb5ca08f128e914333e4d5bf4e956ecbe',2,'2008-12-10 06:47:22'),(71,71,'f7ea1216c28af896992f8cac3cf0d721d85eaceb',1,'1994-12-11 02:21:22'),(72,72,'c08de26f1f01c687bbe4aada06aa709c601db0f4',2,'1997-01-14 20:33:46'),(73,73,'89f1d532fcc0cb868a1e37b1e93a7cbd1ddf8646',1,'2006-10-16 09:39:58'),(74,74,'7560cb6106999c2528556979937d91c74f993815',2,'1977-02-04 22:25:00'),(75,75,'accaa8f9221d1c3f89561d3776bc892014037e39',1,'2003-09-14 03:37:33'),(76,76,'067ee30b989ff91fd0d1d4799d233d891cc0bb44',2,'1983-05-08 19:01:08'),(77,77,'0b41a6170df9743e24699cd4fcc175da36542b8c',1,'2004-11-26 04:38:59'),(78,78,'041978b6af67354f02eeb1e9f98fb22ad9bdcd13',2,'1997-03-17 16:23:03'),(79,79,'c151f4160585c7634742b83495f4ec9eaf6ec85e',1,'2017-04-18 12:37:38'),(80,80,'d8628f7732ac160f41fe0b06293987793fe0e72c',2,'2020-01-13 09:48:53'),(81,81,'96bdd313e197ba3a8b9e885a3f4c9fe178483a83',1,'2002-04-17 03:22:42'),(82,82,'03e7a8c62bdd45f3b4a8154725ada2669da323bc',2,'1993-06-02 07:22:40'),(83,83,'4ec3f245a56859f571d9c70831929ef5226e1a8c',1,'2003-07-16 18:16:38'),(84,84,'66566daf3e6ca30c54b45f05ed258e70a3c4f0d1',2,'2005-04-24 03:56:11'),(85,85,'08a9e02776409a179c0b9f6ff58f840b03bdd7d1',1,'1995-11-26 12:43:37'),(86,86,'4382d1f63e4cb96e3b392c98f7c776ebaa10ec68',2,'1990-11-18 04:27:40'),(87,87,'a026c68ba972bf8d7e290cc5ceaf1808a0675598',1,'1988-11-27 00:32:37'),(88,88,'92d649fe1b2248daf0ab39320dbf35cc2ca69f4f',2,'1971-04-02 11:46:46'),(89,89,'57a79b0a376aa4f534a026d85b11e847a11f821b',1,'2005-12-22 11:35:47'),(90,90,'f0e2db65c942816870181b6ac31885993314cc65',2,'2009-02-16 12:15:29'),(91,91,'5cd14cac870927a78ff9ecb0d97f2aa92e4421d4',1,'2007-12-10 10:31:06'),(92,92,'2aba28153304313febbe29013d4205c7ed6868e6',2,'1976-03-07 13:01:12'),(93,93,'ffd079f9288a6e48d33c87e0d3ebcd01977bde5d',1,'1987-01-21 20:06:49'),(94,94,'05c8b2410814816cf2f91aa45a129b67f832bd66',2,'1995-09-13 13:30:47'),(95,95,'05dd1073e61aac0fd22d4d472e3d3e524b4d516f',1,'1977-04-26 19:33:44'),(96,96,'47c97076fc5f1c65c57c6255fb345fef6390fa94',2,'1992-03-15 21:33:19'),(97,97,'0bd3efbc3b3770d612968fbe3901f17775fc2edd',1,'1996-12-02 18:48:18'),(98,98,'5e505329bb5c532371274fc85888e9ef7114c1da',2,'2000-03-01 02:01:06'),(99,99,'633e0382e160607763018c4ad1309af272b405fe',1,'2017-11-02 02:47:24'),(100,100,'278ad1b12d04e3ff76281e187eeb79d110b7dcf9',2,'2001-02-08 02:40:06'),(101,1,'c013dd32c652552697ad4976f1875b96b32c5637',1,'1989-08-26 20:45:55'),(102,2,'b5767a6d140c9a6cd1d82a8fdf64d3c25fefe483',2,'1991-08-19 21:52:18'),(103,3,'42e21146954149a9143c18a8665da87d110de854',1,'1980-10-06 17:13:16'),(104,4,'180a56de0a1b518edf268adc29a3f780caaab56a',2,'1986-08-28 20:24:43'),(105,5,'b1c2e2e9d6b3f90720a6ff1ca6e345a3b167b9e5',1,'1982-11-30 07:52:54'),(106,6,'406abb240b52b3864b3763a0c1bdb16a6089985d',2,'1991-07-28 04:38:47'),(107,7,'312496511f5778666a253966f32d60db97f790e5',1,'1987-07-21 17:02:37'),(108,8,'596846c9bdb88ab30c206dac4a7792bc51494a73',2,'2008-05-26 22:14:01'),(109,9,'e5580d6b238b5066fef53b8ac8289b89772a46e1',1,'2014-12-13 18:07:00'),(110,10,'fc2d0ce027798b255a27615d56a4c7a442272e40',2,'1974-07-10 16:01:35'),(111,11,'4e5045731fbc3c204fbaf3edcc2d65f52a884f92',1,'2001-12-07 08:57:12'),(112,12,'524abcee8e6e3b6ac0e8f5c1f157c431f5ad725d',2,'1996-10-04 10:57:01'),(113,13,'88889ae7e7d588cc2b323c57105ccdc0f52e6625',1,'1977-09-27 18:20:23'),(114,14,'3487d625f94090eab0148f00101e0b7c5aa62652',2,'1998-02-26 05:14:10'),(115,15,'565115d92907c9f81444169882cc39c1de4d0a87',1,'1977-08-12 00:04:49'),(116,16,'fe8cfd43e0bbb5118756e319558de41309a3c98b',2,'1971-11-21 20:29:32'),(117,17,'56e5e0d44ca2cbc0e7a070593d88412bb1562d51',1,'1992-06-13 12:46:49'),(118,18,'5fad5c5093af5835c154ecadcbc97d2c236801d8',2,'2016-01-08 12:37:38'),(119,19,'23dcc1e8f24b73046e9017ab1b6b68db31895228',1,'2000-01-27 06:09:46'),(120,20,'10d26456ee33954eab37b8fbdb96723c08dc5e0a',2,'1990-07-06 08:55:27'),(121,21,'f88418b77ff7e9d4e4b07a78abb923c9fc99a38d',1,'2009-10-16 03:24:49'),(122,22,'bda5b0f6dae0af265c89083bf514cc9fa685b13f',2,'1998-01-13 01:37:24'),(123,23,'0a69d931f312a59db4fa2c98a3b507b56684517d',1,'2018-07-25 05:53:44'),(124,24,'579ece31e982fd19f199a6c930a48c10c389dba6',2,'1989-12-03 16:39:25'),(125,25,'3c20db292424d9b2b426d2d5a7a977b8a7f7c4c7',1,'1983-03-08 20:04:54'),(126,26,'d9b409e2abab8c6284dcf539dc7382a928e35d2b',2,'2012-10-09 09:18:10'),(127,27,'02e007f0ee6a5df345768ea6f4b5c27071b56fee',1,'1972-12-07 11:47:11'),(128,28,'1faa6020a63bb6a64a66b63272f8caf07f26c5ff',2,'2007-08-20 00:23:25'),(129,29,'570fa847877ff6696853d262777396cfda804ee4',1,'1992-02-29 21:44:55'),(130,30,'0b396008078dab0ecb143e91e736314a414f456f',2,'1975-09-18 00:13:25'),(131,31,'47dd6906488bfe6e2b667630bd52fbf0e24e354f',1,'2017-07-30 17:04:45'),(132,32,'a0b52a1283a1450bc51ae6190dda37cb6e222901',2,'1986-10-12 18:58:30'),(133,33,'1a4c6c6da5df527b8c42836c59f0c3f8c23092a3',1,'2015-11-10 02:04:33'),(134,34,'5bdee29a0ffb283d0650b74d3d675a7869ae4211',2,'2010-04-27 10:31:33'),(135,35,'9df93e0b964ab44892ef842cf7530e130c74a1d5',1,'1993-07-22 04:02:39'),(136,36,'953a8f48ef5876149446ec749f568ac759f8b3a5',2,'1976-02-29 05:51:54'),(137,37,'2064c73ae646a59c7522765b0133dd0eebb70cf4',1,'2009-05-11 17:14:38'),(138,38,'2fd0ae6668a6e25b04397d9d75bc65e23a673d5c',2,'1980-08-10 11:30:13'),(139,39,'9076c71e964c4b3bce2cedd66a5e1f02218c3da3',1,'1983-11-13 08:49:19'),(140,40,'9011ab4b0eeb79915cf8a7464255020b90331fe2',2,'2001-06-13 22:16:36'),(141,41,'578cf21a95e9a6002032f7a24b3bf79435425955',1,'1971-11-08 21:19:13'),(142,42,'27ad690751f2921ee037101362b8cd142bcfafa2',2,'1985-01-03 06:47:46'),(143,43,'9726cf53c52032b248990b8df9298ea4acb9381c',1,'1997-04-12 03:38:39'),(144,44,'ec71b446e5e0e4d8c2e4b3f572c0c498ae41aaeb',2,'2009-07-19 04:21:35'),(145,45,'0afb8f0b01c9bf58f22db2cc82fb056b1441dc98',1,'1988-06-19 02:24:12'),(146,46,'17ba156be3527d74bd655f56cf0b81781218c880',2,'1976-04-29 01:27:30'),(147,47,'743f99cd4d54f5baa36714b1e1c96dba28f0545e',1,'2015-11-17 14:33:04'),(148,48,'d5c3180efd3d5d56b1727f6ca859934fe77cf07d',2,'2008-10-20 04:50:21'),(149,49,'50de60b15efa01d249ee6e91e2f8c516b06d50ea',1,'1973-08-11 11:52:35'),(150,50,'139c391c0cfc6a2fb722afe5a47c824dd24514c2',2,'1980-10-23 08:18:59'),(151,51,'970c26268eb0551c6f29501d48ef7c345c6773cc',1,'2017-09-17 21:41:55'),(152,52,'d31b820972eb50b506e70a09b54ca6f38bf04e90',2,'1987-01-18 12:22:16'),(153,53,'d9bfd32ce3dd973b913e91c7abec27adb82c4430',1,'2010-02-27 14:09:32'),(154,54,'bd44282738a54f61a14ffe391da72536bac9743f',2,'1977-05-24 02:53:15'),(155,55,'0150481008d7ce25eab59fa78824e19f846ed779',1,'1986-09-06 20:54:03'),(156,56,'90964008deb24fd81c2e9af56282effef0133041',2,'1972-08-27 05:16:51'),(157,57,'e0f877c3b0fb96e89a2af0012107ff335d13f920',1,'1979-05-21 10:16:15'),(158,58,'2befa6018b902e24c50d051084f63ab86c130ab3',2,'2007-11-19 10:29:26'),(159,59,'e45e1e3cdf2bae57f0771d3521493167fffccd5d',1,'1997-02-24 11:57:59'),(160,60,'f08a89880f2dcd18365e3c80d74013ed7a16ccf4',2,'1993-06-03 05:15:33'),(161,61,'d4bf8ec12c2a02685d5e9208f133d02261eaccde',1,'1976-02-24 09:40:12'),(162,62,'431d4cbb3aed6ab38961071c49668b62f969a245',2,'2006-08-31 09:27:38'),(163,63,'6147ea2a69dd03d0631fdd49f059ae664be7ea4f',1,'2011-09-30 03:29:49'),(164,64,'4b8cfe2191e397c9ca962be8ebd24fd5f473122c',2,'2002-05-21 10:23:20'),(165,65,'0234107a912a0bd94035d34078d5c97c8e59dc80',1,'1993-03-31 19:02:14'),(166,66,'80b308c7c4eed9bccb34da629e99148f51db1f24',2,'1989-05-02 15:19:14'),(167,67,'2aa100ba2fa1d4d9d58d1ed8e0d9842004e9e89e',1,'1989-08-21 00:41:32'),(168,68,'12991237d0ae96992ab4934be594f5b494cd95cd',2,'1998-10-24 12:12:30'),(169,69,'bc140c5e7cbf6f1e20bd623169a9594e2517ec0a',1,'2017-09-07 15:37:38'),(170,70,'748a3f436ff28d155b95f2d3369bccf04e84ff3c',2,'1976-08-19 09:16:51'),(171,71,'b42b99130e4c0356422b32e1d124b9cbe5055831',1,'2000-08-21 16:23:39'),(172,72,'3297d2de3cf89b816b396e51bfd9cb2bd52b5d4e',2,'1993-12-20 21:48:49'),(173,73,'82f2b94a0a1f972f07842cc85636e3e4424ffa1f',1,'2020-02-15 03:24:55'),(174,74,'3717f6b0e80d4f5f74fbeaeaa2624c6ff7c1871b',2,'2012-12-09 12:24:49'),(175,75,'99cb3dd259badbfe7cf93169ff61de5c3c79d792',1,'1989-05-14 14:47:29'),(176,76,'9c5e86b04c1a9fac4902d938ed6867e52c838b03',2,'1984-02-11 16:01:22'),(177,77,'e9aa9f36ee76d726889f8d496521101ac65fd31f',1,'1992-05-25 09:10:45'),(178,78,'bef5c79cf41f6bbee152dab96abebe1dfb299f84',2,'1991-09-05 22:18:06'),(179,79,'3546cf5abb28ccd1ea810cf70751084c3e8b0cd3',1,'1977-02-01 17:16:09'),(180,80,'3639701d5a1e93f2f7c4a67bdee53e63f5e5807e',2,'1999-04-23 03:30:29'),(181,81,'108628271571f30125b057bb3b85d71e01e748bf',1,'2005-03-22 08:56:33'),(182,82,'3b6e66b09f09225e46727b9fb77914df40461ec1',2,'2002-12-14 18:22:45'),(183,83,'1cf12b975770fbac4178d879992a5aca1cfbd544',1,'1991-06-12 05:21:46'),(184,84,'400fd8feba8ae255a33a1f0e97a71bfad5931469',2,'2019-08-18 02:14:04'),(185,85,'3e4a7ab34622f0cd8c8ea4823c9d6eb1f487a701',1,'1973-08-31 03:27:58'),(186,86,'d6ea84c90fe1b6ca60c6d8c2ba5bf3d2f1268024',2,'1977-04-21 19:56:20'),(187,87,'13e74170b9b2375db042db122d02a210a8fdabaa',1,'2005-07-05 19:54:12'),(188,88,'ddf5e3d62a273c9bede7cff90a5e1ba718a453a9',2,'1974-07-23 20:04:07'),(189,89,'cc2d889606b2d2e0534b3bb7b29c48911ddf8913',1,'1990-09-11 01:57:57'),(190,90,'67ab6d36b81aa91a1b2762637a2c6cd26d93b6bf',2,'2003-10-14 00:47:58'),(191,91,'74ee14c0051f1876f99395fdc74521e4b7849c63',1,'2011-09-30 09:02:08'),(192,92,'da34aed145f1ebb55f951afe7cb226c073045e50',2,'2001-04-28 08:23:21'),(193,93,'f434ae864ebd09f5ba5569c50fb4fc5872cc3cfb',1,'1988-03-09 02:34:42'),(194,94,'7dbed5e6d1209004866f484d22ff0911c72c7e6f',2,'2006-02-28 21:52:43'),(195,95,'3f88a051298b612546913291da72998b575120c8',1,'2001-05-06 17:28:12'),(196,96,'35efb1c5b92ec05cdc6e39ed67c9ff3d7fd844e7',2,'1984-02-08 23:32:39'),(197,97,'39acc2223d6b061b61542a01825a8a015b6d8742',1,'1994-01-29 10:08:51'),(198,98,'2d337f77fd3b1107623541e7c49a7d871fff89c5',2,'1970-06-27 14:44:25'),(199,99,'1e692df4bfb6413b18125e488629e53a7e74f547',1,'2008-06-13 10:19:47'),(200,100,'8087e2bc0c3836613d1b14a1ba7fced287e357fb',2,'1999-12-30 01:07:11'),(201,1,'db1a14ee4609aa48f2a9ef784b87e7c702e847ae',1,'1975-04-02 07:42:40'),(202,2,'0a214a5e73d441cc3b47ae4d68ff4956ce614b9f',2,'1986-05-08 02:39:41'),(203,3,'32e25bdfd3a02e7f4dc19e88cf3ffcd5b3ca775e',1,'2008-08-17 11:46:39'),(204,4,'bbb282a16354207d3dff0875d7a85b0e6907fd77',2,'1972-01-23 07:21:32'),(205,5,'ba4172e1f214b36fd5784d1ef132e8ffd4844816',1,'1990-09-29 11:56:50'),(206,6,'ab4223ebcec40b20ce553fa0a3f7d959c451d5e2',2,'2000-03-15 11:01:39'),(207,7,'60d1b9402bd4346d08e0dffef44074509b634151',1,'1994-08-13 22:50:58'),(208,8,'7c4d291dd9770c347845d53af2c702fb0b551670',2,'2007-05-13 23:14:02'),(209,9,'7f61bc6dbf1cf8a21e0d43b23e0325b012b98914',1,'1998-10-04 11:00:41'),(210,10,'4f023610e426a7de4bc5f096530cec6cb8e54331',2,'1977-08-06 04:08:25'),(211,11,'95177ba59cc282196fbf4ec3eecb2fece6d2ad31',1,'1982-05-24 12:19:28'),(212,12,'a87cb45155e122332c5567f765eb6689e08b0319',2,'2016-03-18 13:13:02'),(213,13,'6f3d291962d07c3423564267f0d6f7a2a5ef8c89',1,'2000-04-26 17:31:41'),(214,14,'a1f3d4817f6cbd6953b7c20b08a33112ae428c71',2,'1983-08-15 17:31:54'),(215,15,'0ea9840c20e8b2f7ed5bc8251c16a3e9c89c0035',1,'1982-05-05 08:04:22'),(216,16,'cbd6b78c6b1c39b7e49c6bc4ac76702a6f54fcd8',2,'1996-02-04 12:57:48'),(217,17,'b5330241e044d32fb6c94ba6eb3b646d597c8a5a',1,'1992-02-14 05:48:23'),(218,18,'bd2c08a972ebeeb811752dc49b8daf515b4a4470',2,'1976-04-03 21:52:12'),(219,19,'4cc921b5ab6a0460a740c0380321daa191980e4e',1,'2018-02-01 02:42:42'),(220,20,'bdf379fd856563057b3a0d623abd7640494ff80e',2,'1983-05-15 04:18:44'),(221,21,'eda9d9f7c36459b7f903f46e2a2f075f120a6f21',1,'2015-10-24 22:56:06'),(222,22,'4c5f9d6aa3eba3f06038792ba870166785ab48b5',2,'1987-05-14 04:54:36'),(223,23,'dc42021091272157f74ff7e3fb02dc6ab0b1e5e7',1,'1990-06-28 08:01:16'),(224,24,'7f4c9b83a3f8ac1e4485ef442f976c8f6acef955',2,'1971-06-22 01:09:25'),(225,25,'bf5b22cd6cf4f96978f17a1573a5f07b87f961b2',1,'1982-05-18 02:05:04'),(226,26,'09c71b6cbe822d8d70c651008cfa7e01726bf9b6',2,'1990-04-27 17:01:32'),(227,27,'8d43a59dd0b128f944bac739ed19c0ef68658247',1,'1980-06-11 20:22:59'),(228,28,'8eea7638cfc6b62a0149c9660709d54c45fdd249',2,'1979-01-28 02:04:16'),(229,29,'9d2457e67222d5547f11cf3213140d30c32ab6b4',1,'1995-03-25 08:25:35'),(230,30,'965682a1c1f93e698265d50c7163ac48f68f95f6',2,'2013-02-25 02:04:27'),(231,31,'2eb338e91e9a2db665713320267fb994a9705ee2',1,'1975-12-23 14:45:06'),(232,32,'921b2ef3395b700371c846c51ae516b9db568751',2,'2002-05-30 21:30:00'),(233,33,'1a804489035cf9aa8f8b5d34287b7930e0a8b373',1,'2020-01-14 16:59:22'),(234,34,'9f15c2e74e9b6da678a16c5b56221249bb5020ec',2,'1984-06-22 18:12:58'),(235,35,'3c61be49b163bc2ba238e94855596ba7ebc058d8',1,'2009-02-11 10:50:30'),(236,36,'f96f4297e26283f3b0b74b56b40b631642f5889b',2,'1981-03-15 21:49:49'),(237,37,'178dd23e59b8ac11e4438b7c260b1ef606249b1f',1,'1977-06-11 20:25:22'),(238,38,'0b4a03d201caedf46c75f044e41a239d9ef543c4',2,'1985-10-30 12:57:31'),(239,39,'13adf8c724b30f994fa81b25bbc8adae71a4ab01',1,'2004-09-01 19:47:42'),(240,40,'124575a7cd14af9a461e8a2aeeb2bbde6cb05441',2,'2007-08-28 07:20:27'),(241,41,'f24e3b7571ec03defc3fbb685af5aca174a19e4e',1,'2008-04-13 10:46:37'),(242,42,'953fb8508b84c17cc6a17459e0273d1eb3e0f8b6',2,'2000-11-17 23:26:49'),(243,43,'53c05619f8f96caf03645b236f3f9611513bcab9',1,'2001-04-17 23:25:12'),(244,44,'528c10f90f5253fc723cf425e5ebfdddd772b18d',2,'1976-10-26 05:59:45'),(245,45,'d3d7e23d68e33891b8c2fa7e85c3b08f09d16ef3',1,'1974-08-14 08:50:03'),(246,46,'ee91faf94707adf20df5e7b9dcdfcce0e1a6cac2',2,'2009-02-16 18:50:18'),(247,47,'fff544912ea5bc750926e563c0af611f15e02795',1,'2017-08-01 01:31:28'),(248,48,'656445464c7475c17a6040740031e71ea55f1871',2,'2002-12-16 19:17:18'),(249,49,'5037e1c18f5982623b2d69e59e056d96498f6269',1,'2008-02-25 23:56:16'),(250,50,'593c42abec588d41ed8fda6533b881cc359705a0',2,'1988-08-23 17:05:09'),(251,51,'69b9800b2ab2bd4e14d585938e2f8dad3dad6c66',1,'1974-11-03 11:28:05'),(252,52,'56e635fd9dc0e9cc1e9f470f38628d3b8be67f8b',2,'1971-09-06 04:17:21'),(253,53,'5130cc8f75eea4dd2e61cfd3438e4d9f3e9e052e',1,'1971-09-03 14:05:28'),(254,54,'0eb7899234a5d9bde7cea77e0092bee5e44f7e0e',2,'1982-12-22 06:40:51'),(255,55,'46f8bb8281339c8631a37e6940139592cf9df452',1,'2014-04-04 18:21:10'),(256,56,'ed09439fdec170e7766c9be210404815f62a70ad',2,'1993-09-08 13:05:36'),(257,57,'519aecc1b19ad46e75d2a3c0e1581df60bd6a4bc',1,'2005-09-19 22:50:19'),(258,58,'ab957e6a7d40b8033a368888757df5ae6fa2a86e',2,'2000-08-12 10:27:34'),(259,59,'ff9f37f840b6b79bdaca8d809888996aa34b11c9',1,'2011-07-20 04:38:21'),(260,60,'e49f21ed55a2d68d7df46fc8f1a1ba6ca72428d1',2,'2001-01-22 09:02:54'),(261,61,'313f829500671e4447b538e2c680733527139cc7',1,'1994-09-17 19:44:42'),(262,62,'0856625c7b27fcb7f7ff06052486e9270f5a19bb',2,'2007-05-12 02:19:29'),(263,63,'2d5373f0c34cbb6313d61103921aa45260b8a698',1,'1970-03-24 21:04:21'),(264,64,'ca70e322cd9ca79d61f31c914f48bf9043c4b9f1',2,'1974-12-03 05:48:57'),(265,65,'177f7dd20a59079b84b8938a62905101a7732ee3',1,'2008-12-24 13:27:55'),(266,66,'326c81cf03850683bb9fc2db64d40b95075358f7',2,'2002-05-14 10:54:08'),(267,67,'5c4ee77ae683ae93f45ac403d258bc81dd213ec0',1,'1991-03-25 08:47:16'),(268,68,'131a1ae22834bb6de5a90771d7090ac015fbf021',2,'2008-02-06 08:46:30'),(269,69,'b0dd2b9832df4079d8dd2c2ebe23bb1c96ef953f',1,'2005-07-28 23:31:43'),(270,70,'31949cef8d6b5aa70c0cceefb3a5a99426a97aab',2,'2014-01-07 01:47:26'),(271,71,'8853535dc24d63dfad0f2134a258d04d9ef5ed58',1,'1970-07-15 10:48:52'),(272,72,'ea2ba406ed34e5b7c96310698a6d2f504bfa8313',2,'1976-10-30 11:47:45'),(273,73,'c8a3333505e7fae3ce19a50a3b12bc8f85178764',1,'1977-07-22 06:34:46'),(274,74,'a96996aa54ea79c3ce1350560abce6cd02d5cb04',2,'2000-10-18 08:22:29'),(275,75,'18815bcd1e297e6510995a0c170e63f4b65f194f',1,'1985-05-28 21:31:27'),(276,76,'24e65bcbbd37616955c687b5ec62c10fb2909a4b',2,'2011-09-21 03:51:15'),(277,77,'e7b6239089663ca8935ce64136190c9d57c00c65',1,'2014-06-02 04:45:37'),(278,78,'230f7a8041bbb20af7ef7d094f2b1ec4ecbafe3c',2,'1986-10-18 21:22:17'),(279,79,'cbdbacd1060a80c7b46dc8d7c79bc8d59dc6311d',1,'1979-03-16 21:33:08'),(280,80,'02d8295dfdea44168cc38ecc827dcbafde760559',2,'1977-05-13 21:01:27'),(281,81,'08946c975e327151fe6eec5c0c080ca9ec12868d',1,'2019-06-14 12:23:33'),(282,82,'7345e3e94712992735626ffd2328eb6791949686',2,'2018-11-27 16:55:55'),(283,83,'d18745861f351c2f4dfafbf314950d1b1e18e3a6',1,'1991-01-27 20:34:39'),(284,84,'6e602eb60724bc43db30f23e43f96b18a982fcdc',2,'2020-02-27 18:08:42'),(285,85,'2c84c0c35f8f35d90e3ed872cff0e8386aa8c4de',1,'1981-06-30 07:01:31'),(286,86,'a8a32b900384e4df360e2bc92e4281a791cf1ef0',2,'1970-01-11 18:30:37'),(287,87,'f7814eafbbea0c7e64359c68b4a6c6d48781ff2e',1,'1977-02-16 09:50:46'),(288,88,'c229e3af62865e567190d248b2edf18067d15161',2,'2002-04-03 18:11:27'),(289,89,'d41435d295f956d9a9ba29e8ee5c7cdd9a8d7f89',1,'2016-06-28 12:07:06'),(290,90,'2d08d716a832c204ac6c0c3a6ea64c944ad49877',2,'2017-02-15 18:48:47'),(291,91,'cfc520d69f02b5e4bb58df9c758445ca76fefeea',1,'1988-03-14 21:43:12'),(292,92,'99fe4043bf3311436c033cf39cc40a741baaa302',2,'1988-08-15 10:51:39'),(293,93,'f2b72533318b4c5a9a56fbd27a37419179ba5e52',1,'1982-04-04 06:06:28'),(294,94,'96c7d461719f2def00db96b54c5b160b0126ccb0',2,'1971-12-19 08:58:08'),(295,95,'ee62330e2b135fda82eace4d580fc38a89297fb7',1,'1998-09-24 18:19:46'),(296,96,'0629207a8651203caf23728189e8dd491cecc15c',2,'1979-07-24 01:10:52'),(297,97,'9cde3a5168ed389eb123c9ee1a97f6778a8dd9ba',1,'1979-05-05 21:55:13'),(298,98,'a534304ee5b77fa43993a80e0a1d866cecc3fcaf',2,'1998-05-27 16:18:11'),(299,99,'6e668a5c7a7b7dced221d9566f180fe9428a9f48',1,'2009-08-23 03:02:30'),(300,100,'e0db19aadf475b8feecdfdb0ef7e211aaeb62376',2,'1995-10-27 21:39:12'),(301,1,'49603919cd160dd94bfe1a1cebdb542d9912d48f',1,'2015-07-22 03:43:13'),(302,2,'54290f0a0eea239d95d69e3f31dae68686c2a507',2,'2014-09-23 03:12:50'),(303,3,'149b7d3a2b298b44b7e2695ddef7217400ab7ccc',1,'2016-02-08 07:31:34'),(304,4,'7793c30bb79cdf918a047dc6266cf0e53f03c024',2,'1970-12-01 12:29:46'),(305,5,'054eff3ac37b6d50304d6539900f8898724d54d2',1,'1984-08-25 15:33:41'),(306,6,'cbc2d1a014c744b917197d87e980a3fd2a18108b',2,'1999-01-26 21:43:18'),(307,7,'6bf57e712c736391a7e571c7f540895341459ca5',1,'2000-02-27 01:53:37'),(308,8,'dbf780f21b5107fdc96f2925474fb5930ced8131',2,'1988-08-23 03:28:49'),(309,9,'891da4b911c2a26ebf53ea3363a34f2eaca5c632',1,'2012-08-31 21:26:30'),(310,10,'7e3506a4b2e5a2001038a40e6351375fc2f04eaa',2,'1996-05-29 04:25:38'),(311,11,'c80e208c48549086ffb04afc4942364e2c4413df',1,'2002-12-04 01:38:48'),(312,12,'47c29c6538ab136b6bbf7d9515c7529df19ffeaf',2,'2010-09-30 01:27:16'),(313,13,'1d0dc4e2381255f52c2d1273f290b0010a357f03',1,'2005-10-03 01:50:28'),(314,14,'18b5c19062fa98be971563ee9e98d5cbbeae7a06',2,'1989-04-02 18:16:01'),(315,15,'c74593843100c45f31076def4bcc9bbf2dde4430',1,'2016-01-06 15:05:34'),(316,16,'9b957393df5e62bec45f107e15628a40ef78672f',2,'1975-07-13 09:00:06'),(317,17,'24e2d7cda5c1fa67a867bbe352f9b5fc1a86a74d',1,'2010-09-15 08:38:11'),(318,18,'9d531607840b334b297a5f1a3fa6346292b0479b',2,'1982-08-25 13:23:53'),(319,19,'a39b52e7900949c544250e791efffc08344a3d7a',1,'1993-04-26 12:37:21'),(320,20,'24131c5aac6f90b732e2a44b9490dd4647e737e8',2,'1999-07-16 04:12:48'),(321,21,'98130ca301f48b90c917f66fc0d9738ac6c261f8',1,'1978-03-04 12:14:05'),(322,22,'5f6e2ca14fd0a01af85d8cd307023c685679ec6c',2,'1980-06-27 18:53:51'),(323,23,'54354f80fca6a769ed307d1f001fe195738e50bf',1,'2014-04-15 02:29:30'),(324,24,'0685ca6aea3aa19e314d28f7b5a976c55006f743',2,'2018-05-30 00:26:49'),(325,25,'5bbdb966f30cc168d79e5f5935c3ba76a75434e3',1,'1998-10-06 03:15:21'),(326,26,'9af5a827a2d5f2ef6d211e9d458beb404c840c90',2,'2016-11-29 06:41:14'),(327,27,'0b5cca3fc2e036ee144f975ebcfb257691548687',1,'1974-06-26 13:44:08'),(328,28,'3c871d1edbe77f64ac8e9fbc65de5b6fb36c594d',2,'2009-10-10 23:49:36'),(329,29,'51dfba3503438a6d1c75c4173aa05d61aafb0d79',1,'1996-01-06 21:57:10'),(330,30,'d261430d24c18b29aeb4014adf0aab2ba4431a96',2,'2005-03-19 09:41:10'),(331,31,'c5dc4aa8434548a46e001d5a5bea662cf59e89dd',1,'2015-03-05 10:46:16'),(332,32,'a3230e4c95e1680c88cf85d62cea5ab995f99392',2,'2006-05-28 18:21:21'),(333,33,'ea9de2fcd57d2bcf2ec40375d6cfd9ab3bb8dd7e',1,'2011-12-02 12:02:58'),(334,34,'d7d679b3dd77710816bb9ebf5aaa490b6a0c992a',2,'2002-02-28 16:27:19'),(335,35,'afa253fca58817d93dccec77c36aff549f6647d5',1,'2009-11-11 13:49:02'),(336,36,'6c7d44f48144c40a9878e08b63f8324795e15283',2,'1974-07-01 14:36:53'),(337,37,'51d5db29f497b4963944bdea855fb5deb7cb6d2a',1,'1991-10-24 02:09:26'),(338,38,'0a1693c562f99856339e7048b25d1eb179f2f427',2,'1979-10-27 18:43:59'),(339,39,'68489cd0ea53bdfd16107e416d461f3d09613e3a',1,'1992-05-16 08:36:56'),(340,40,'52fa76201c309f69ae887b120aff05a4a80a8060',2,'1995-02-10 23:40:15'),(341,41,'79f3105c1696e51ff14fe81027f03d797d0cda3a',1,'1975-08-03 17:11:27'),(342,42,'391c290ca3e6be219a26ce00ad94f464e45bc6a8',2,'2006-08-13 00:29:47'),(343,43,'58def71d1380b2d69bd7a321be913e9c5ad41905',1,'1999-01-18 03:40:58'),(344,44,'11eeb42ad047af9992953a899570fef3d1a7e465',2,'1991-12-11 23:16:30'),(345,45,'268baadee74a0f8b29e3f1cb44d42beb7b02e922',1,'1986-04-02 21:21:26'),(346,46,'0a1f38e31d50276e6c7a5cc350932ea5308734cc',2,'2009-01-26 08:46:31'),(347,47,'0bdb36f0724f2992b7b35b7580a512e74c019d9e',1,'1978-01-26 00:50:20'),(348,48,'838197868e0ec3b18fbd4c0e93006700f3217036',2,'2000-01-01 07:42:21'),(349,49,'22dd7b5a791fc3e134053c9a7f0e269d2106aa80',1,'2016-06-02 21:57:48'),(350,50,'27816ddbe405f48b1419807e828ba30b55e0613d',2,'1998-09-27 09:00:22'),(351,51,'32329b3c8d901dc49fdf64d8b38a99735f9d8559',1,'2013-12-17 21:49:38'),(352,52,'a49cd9d066e0b8ab4ce6ee760ca1efd5532fc525',2,'2000-09-22 00:21:40'),(353,53,'ef6d925585884ed850b42dfb6187a085d9d5773a',1,'2006-03-02 18:48:37'),(354,54,'66fee3fbb808e9085967cf1d28bca5a9d771aeb1',2,'1985-03-28 21:34:53'),(355,55,'ac4015f4549969f113377bdcfff18933f9a04f04',1,'2015-06-22 03:55:37'),(356,56,'2dfef8ee5287368cf2eec7954cee20493419dc9c',2,'1984-06-13 16:15:13'),(357,57,'c20c882a7fc4c1ae12a8588dc6ad1e43a0568ab8',1,'1995-07-29 04:01:30'),(358,58,'13679f370cf4a8137f661149a68b6f4c06b04817',2,'1987-09-01 21:07:04'),(359,59,'97ebb1142f4751a0b36a963f278c529fec061802',1,'1987-09-20 07:28:08'),(360,60,'bbd147440ddbd11cd0801a0c39c58208d1049706',2,'1993-04-25 12:12:18'),(361,61,'c49fa2f6cd4ebe6956d3fc3cb97d7afbf0f0e4a9',1,'1988-12-07 09:42:17'),(362,62,'227e0d2b3d7b12ba4bc823b673bc7a8aa62e6ef3',2,'2019-09-29 08:34:34'),(363,63,'15f7a8dfa98d64dbceeaf7318197dd1be72c45d9',1,'1996-12-17 22:29:22'),(364,64,'0b61215b1285eb799c178690c8dfddbba66557ac',2,'2007-10-19 01:12:52'),(365,65,'514a432c760f92e1e8f72179ae3568c1d58e76b7',1,'1986-02-24 19:55:36'),(366,66,'0e2799d9fd847e9dea4c3c9da59c912741cb6697',2,'2012-06-25 18:00:33'),(367,67,'58a3264ab2a0ec2fb57da73ff2080207479d4e9e',1,'1991-01-19 14:05:47'),(368,68,'35267c459602ba6a66ec2225b1457e137aa2c314',2,'2006-05-09 10:42:17'),(369,69,'25ac82168a6bb80f954cb164fbe956afc48470e4',1,'1970-05-06 06:07:52'),(370,70,'6a14b01fbb7d2f9b3123b8856634418132d62a7d',2,'2005-02-18 17:24:44'),(371,71,'3adbecb3be045a845d516c3ed52ca78e28a2f1e1',1,'1978-11-26 22:38:47'),(372,72,'56761587848da40a3687b5756e7e7e5c49cf8edd',2,'2008-12-12 15:54:04'),(373,73,'407e22cc92572b2c79396a8e53ace396e0b362e3',1,'2010-12-12 12:16:10'),(374,74,'5ff25a23f460df993923915dc3daae4478e08c9c',2,'1993-04-22 14:42:25'),(375,75,'9f21d08de470dc4b62ca9aecd53503c41d92ca95',1,'1977-08-02 02:16:02'),(376,76,'fafcc6c192a79c992300b1b037f07f88f7416c90',2,'1999-10-17 12:16:47'),(377,77,'c96d345a7b885f7845ebd315b13cc6c2322fb693',1,'2006-01-12 09:34:36'),(378,78,'089dc423b4424811c77faafd0e1942c85aa4b03f',2,'1973-07-09 23:14:51'),(379,79,'d1be7a1f445e6db94360ad1084c7febdfefbf09f',1,'2009-01-13 16:00:25'),(380,80,'6cc4cd7ff7ec07e46f5d9da46d3f3e0c7ec9e875',2,'2020-07-09 22:44:39'),(381,81,'acec8768fa71d456c49c0026c3baa1316d4fb4f9',1,'1983-07-23 13:57:34'),(382,82,'263a703d3971643cfccd062c7fb189bebe183115',2,'1982-06-03 19:47:42'),(383,83,'43bbed4c5ea1d1d9063a1170eaee06662624b213',1,'1975-01-21 13:49:22'),(384,84,'778e2612e88f642d404f8def03a612e21c92a5a6',2,'1975-06-03 03:33:03'),(385,85,'d59b4b8647a374f3cfe005169178772faff33b22',1,'1972-05-18 21:19:43'),(386,86,'ab425552502afe7bdcf94b3d976491f2ae38e475',2,'2010-02-16 04:32:35'),(387,87,'4c39807a335c721aeb4920c0a369386b795bbf86',1,'2006-04-11 11:20:01'),(388,88,'6db182943a61c7f8a70488e7a8325e5ca7950054',2,'2003-06-04 10:55:27'),(389,89,'e90e4ed388c24e7dbd8fa58ef13c6fbc9f2a1eb2',1,'2020-01-23 00:24:08'),(390,90,'7ac8fd285bba42aa1d0c828691e3d96b3d3686f4',2,'1981-01-09 02:15:31'),(391,91,'34a22c01e2b2d35c5468f627623ffa1c2d95f8a1',1,'1992-03-25 23:02:59'),(392,92,'4a0b7afa64cfdc6338196f027f6a23b1ad8d71d5',2,'1976-12-23 15:54:12'),(393,93,'a941a1aacb9d8a20816288706c24acd538352b1f',1,'1995-07-15 05:53:11'),(394,94,'5afa7cb4498fd651108204b605064379d5a09fba',2,'1999-12-28 10:42:09'),(395,95,'21f56bbd7684b1b55563a7021fb81c0d870e69c0',1,'1992-06-09 01:08:43'),(396,96,'e8ca66acc23cf55ef8b849996cd77351043cae11',2,'1977-05-17 23:03:53'),(397,97,'66704b32d20dee01bc68bcfc877ff7ff9b85e898',1,'2015-07-21 19:01:20'),(398,98,'59ca8451e5c211d9a75b35f49492192af24a3cb7',2,'1986-12-19 00:20:55'),(399,99,'78e7665d6d0ded5a546ba74db7f307ed53f912f8',1,'1993-08-04 04:42:18'),(400,100,'77555622627adf98fcaf1bae3045bf792c6567d6',2,'1978-05-23 17:23:11'),(401,1,'6b81def00ac1d58b4652f6377be54981ed4d3162',1,'1970-12-30 11:07:22'),(402,2,'ab1eb22dfbd91f050211a5cd181b82aec60af2b5',2,'1995-05-02 00:28:16'),(403,3,'88a8d7564a29a533157efda1ea935cb35fef7f90',1,'2017-03-25 15:54:17'),(404,4,'4bfef9b852b12d8b71efdd0e39846c32686cc1aa',2,'1983-08-25 00:58:07'),(405,5,'bc4e0a68bea67bb82bfb3e8ab19cffe1596efc6b',1,'2019-06-16 15:44:14'),(406,6,'c8829fa40f2d049b2a4f15b9122c0f62e9bbd42a',2,'2019-11-22 02:14:32'),(407,7,'555226451783a68e29ee4af7d9298bda876d7989',1,'2019-03-06 01:36:04'),(408,8,'58c1d4ae161841f7ed1f350ca30070e00bc96eb4',2,'1990-11-12 11:07:29'),(409,9,'4d8ab28edd5631b0f78f1214f96b3e82dac38ade',1,'1988-12-30 23:57:23'),(410,10,'5340377920540a7338eab0d8de8953b3bafeedb6',2,'1987-09-20 18:30:09'),(411,11,'6c9d7d91a555354a9dcd33924970c4984ec9c322',1,'1987-11-07 02:01:26'),(412,12,'f0a5df4f0af0000eea6b40663c047b1263366ffd',2,'2006-07-12 19:34:16'),(413,13,'6622add9212820dbcdbf12a3509a0a78a41b257a',1,'1992-10-10 16:47:03'),(414,14,'422cea5c9e63148c54fba4eedba8a8f6c453921b',2,'1986-03-28 15:06:28'),(415,15,'7bc778e7e8a85a4bb3adf9269bc128cdc2fdf910',1,'2017-07-21 17:44:28'),(416,16,'7016242b47d8e76a0adaa3933fd0ebc65532650a',2,'1988-10-30 05:36:48'),(417,17,'a41157d0dcf0eec058dedac0bdc2eb2444662ef3',1,'1995-11-03 10:59:13'),(418,18,'dc0706d022cd8925068ea3684cd2a1a497780ea6',2,'1999-08-06 00:53:45'),(419,19,'a3f6069cee34f9ad4a37ba077cbe6b068e7e890b',1,'1970-12-01 14:44:10'),(420,20,'685d2bd2f411fd5983c6a7c15ce46fc2b6c165fd',2,'1993-02-03 17:19:01'),(421,21,'ab4edae6e6038a8d87a1172e3450053e8d140c12',1,'1994-10-12 05:38:27'),(422,22,'08435f8e5f9b7adbe21589350bd0afce2cf2e660',2,'2015-09-06 18:19:49'),(423,23,'e7d7bfe73898607239a4e3909beb69b779e7cd83',1,'1989-11-16 01:32:25'),(424,24,'235484b688564295750d8f79d13065193abda4c5',2,'1976-07-08 15:20:26'),(425,25,'ea637c6fea734e89c7d9d21bf5381ca33409b9c2',1,'1998-01-17 13:22:15'),(426,26,'19310704203634e521adda0c75f45fe5f5dd641d',2,'2005-09-29 16:38:23'),(427,27,'9657781638f713c43b4815f48a5e867fea93bb8c',1,'2003-09-02 17:05:54'),(428,28,'87769366edd60e16a3887478f1fda239364cf34c',2,'1981-11-19 04:15:26'),(429,29,'d8e6da601e0810f18cdd620b07a01747f11b0d9f',1,'1990-03-28 09:13:46'),(430,30,'8a0a31ba06367ba504635610eafb063fb05c2df4',2,'2017-07-23 15:47:15'),(431,31,'65f7f292ceca5e5a9642245f7cf7bde10705bd28',1,'2003-06-07 16:49:52'),(432,32,'510d51512672dec1d67c08adb4051f0212ebc28c',2,'1978-01-26 12:04:14'),(433,33,'d970a777de6961001d1a52138674176c8afebde9',1,'2006-03-22 15:38:47'),(434,34,'15f9ef3066a30979933652d22a83c4255f82a1a8',2,'1980-01-29 03:32:22'),(435,35,'d13691f2d6437230bc1e159adf01aa65ae15aba8',1,'1989-11-03 07:51:53'),(436,36,'7b8156e8159dfc80252de16404525e613324cb7f',2,'2000-10-24 03:22:47'),(437,37,'373b1e59741ea7c8fd65cd3b984ce602b480115b',1,'2000-12-15 08:02:30'),(438,38,'1add358b34ede6af9817d12efa2eb0be8c28a274',2,'1995-06-01 02:38:39'),(439,39,'7fba4c23b7db7fb254d67947f26532463c21b772',1,'1989-01-19 12:52:15'),(440,40,'809e1db182553e5408883de69401663ba11a380a',2,'1975-02-13 14:59:39'),(441,41,'81e9a3c68930f7d153fae1776a936b3c0b720baf',1,'2002-12-02 05:01:30'),(442,42,'04e5bb5710287620196753a1bc866dc4ad9d8f9e',2,'2002-04-21 12:11:53'),(443,43,'36a6f8061774a3fa5bb0feedfc01e7df5b8e19c9',1,'1995-02-19 03:56:52'),(444,44,'0fd3d87aec9e0a842491e58a7cb62ea6518c77ba',2,'2018-08-12 16:31:45'),(445,45,'d5cbe4653dab0170885017f98fefaa2b90a5700f',1,'1983-05-04 08:06:25'),(446,46,'2b33dfc2ce44a2ed52c7346dc7cbb5955c635914',2,'2020-06-29 12:55:54'),(447,47,'167d639433c690cecc46293b2172f4c10d3061eb',1,'2018-09-18 21:38:52'),(448,48,'608dc461929b17912be13d9e4a3c4b0fdaaa7136',2,'1996-12-29 11:28:33'),(449,49,'602e0d79cd00b6202889a31369636760e3f883bb',1,'2016-06-25 02:15:32'),(450,50,'fd79d96724f106bd4b67612aaf55780464124551',2,'2000-07-15 02:31:18'),(451,51,'cd035d90e2b3f504d5f264b4e9d9bfe8a52b6a80',1,'1988-03-07 18:40:56'),(452,52,'2c7fa818d10a416455db2825a536cad970f20016',2,'1989-09-20 10:56:48'),(453,53,'c5078787ba7087c4b21a6b7ac1ef649e4d05dd55',1,'2001-05-29 06:45:40'),(454,54,'df3aacb70c27fc2965c45caa640958c1e6a56fbc',2,'1986-10-09 05:22:41'),(455,55,'a125b5c5184dd84028a6f2698dc5ecc8291713c5',1,'2018-09-05 12:39:49'),(456,56,'9a71bfb1a00861abcc820cee69ff61bcc0a3d812',2,'2015-08-14 17:15:17'),(457,57,'bc1190e87977856c0c4596fb0d07a4634c4491d3',1,'2007-07-21 00:08:33'),(458,58,'4fc32164908de9653e5b916b9fa9e8d741b51c06',2,'1986-06-11 11:24:58'),(459,59,'fa466e4a87b3230cbac86f97308f7e78f9c59de0',1,'1970-02-20 07:19:33'),(460,60,'bdaf8453c4ab40d6eb61c39f505ff3f1c4ca0ea9',2,'1979-05-29 23:04:03'),(461,61,'a758df6bff99691a15e2a37a8141bf023d0b6b9d',1,'1988-08-23 13:16:30'),(462,62,'0a81a9d0ead7a2b89132d8c3df0baef21cc444e8',2,'2017-08-15 15:47:50'),(463,63,'f133fa8f092b9ca03e9b1a13c368db9399beeee7',1,'1975-02-11 23:51:46'),(464,64,'bfed636cd241123e12bf2caac9e98701740a3f6d',2,'2016-02-02 16:33:31'),(465,65,'5809666958aa4a9fc0221c7a62ce8d9cb7d39bc6',1,'2011-02-18 00:23:25'),(466,66,'2768d0bf1a558326b5f807aa4a3af6533e0d34af',2,'2015-09-19 20:07:41'),(467,67,'669ae5cd9e5ecdf2b25f25201460bea4a5e75d5c',1,'1994-03-27 08:59:39'),(468,68,'362ea10911b760572bf277f3ff9aa2eed333f14d',2,'1972-07-26 13:31:59'),(469,69,'0c377bc842d7b771d948d94e7ba05ce36c27a07c',1,'2014-01-11 14:50:08'),(470,70,'4df911c33b51c4c5920610a69babb80d9a815744',2,'1989-05-20 23:48:45'),(471,71,'f88ce2609b4b792010a77dea3808db043160df8f',1,'2020-05-28 16:22:16'),(472,72,'d22d93712d5f2b0fde6723530567dbafb966946b',2,'2004-09-11 21:14:07'),(473,73,'1ba7876256faf40a6edafdcb6b38960be654c165',1,'1979-05-13 00:12:37'),(474,74,'c0beb03685ead36988132d0c5b64c5dd71d63c70',2,'2017-08-27 21:32:03'),(475,75,'85266435bafdaa21c59f4b0ab3d651d15fa2c936',1,'1978-05-14 10:15:01'),(476,76,'2ec0cad32de0513d00e7e317e3c83b26e8d73bad',2,'1990-08-18 19:55:47'),(477,77,'8cda3d89938e8a688184639ffcfa14cc6e6d9674',1,'1979-01-18 19:25:49'),(478,78,'9b30ca9862d81c5d582686dec23cdda39aca54d0',2,'1991-03-04 04:26:06'),(479,79,'1df103ddb47e811c4f8dd481915738d0a932e467',1,'2018-06-21 19:34:51'),(480,80,'5f078a3f7aa222f3b5609daca1f875dec4078367',2,'1973-04-01 02:09:32'),(481,81,'089e8faba8f28daa755dc56c805011c35ca6ed58',1,'1992-11-19 10:03:35'),(482,82,'ac9f9f3fa4a39bcc78420c432a63213af139a01f',2,'2006-09-29 05:43:51'),(483,83,'34e09642b69d870614d61381ff0c9c0d667c450c',1,'1982-02-21 20:19:14'),(484,84,'e23df7328930372bf8799ae688071a8ad3108843',2,'1991-11-24 22:36:14'),(485,85,'66df0b3fcd4e1787faa4ac415e60245de58f736d',1,'2011-07-01 12:43:16'),(486,86,'8dde304b1c526fc87241e6e75be9888d8ac9e858',2,'1972-02-12 23:39:04'),(487,87,'5dbef161c4ca3cdc228285072ae5b288f3f755b8',1,'1971-03-12 13:35:54'),(488,88,'dd86a06c6fa0e081959a3f3c666f62cfb968b8f9',2,'2015-11-27 21:47:28'),(489,89,'95511f8d4195edf83b028fea5fe557b3dee79fe1',1,'1994-09-10 07:10:41'),(490,90,'c991fd21940e66cc037fe661691ef9691cb87b9a',2,'2014-01-04 21:52:10'),(491,91,'d48a9d6f919daf0829c950d8cafa1cb05996811b',1,'1989-08-22 10:10:39'),(492,92,'9968b3cc1fef7db32ed0a8fcd7572f37431b4b64',2,'2015-06-07 12:31:42'),(493,93,'aaac94f680b9ebd698c1361f2c51ea12bd458988',1,'1978-05-03 01:05:18'),(494,94,'eee2513c9723836be43e5894a874d58b7a4495f0',2,'2016-05-17 20:01:14'),(495,95,'c95856168fe46fc33f9379f532f9e3b8641c8ce4',1,'1970-03-19 08:18:36'),(496,96,'3cb0f0177840099204a00acaf0d068dea36edbb4',2,'2000-10-17 05:07:40'),(497,97,'41bd4649beffb6bf8b0c85f5b4412a7afc817e98',1,'1999-08-22 04:09:57'),(498,98,'25c50415e367ad475edd1e2b64ef0f3a80e4794c',2,'2014-10-18 14:19:12'),(499,99,'efa47e76fe3b8621a91d28654abdfcfb1804b25a',1,'1993-05-15 05:44:18'),(500,100,'08a6a9eba0e05a72cdf16c8eac3b35fc47133226',2,'1995-05-06 10:23:39');
/*!40000 ALTER TABLE `media` ENABLE KEYS */;
UNLOCK TABLES;

--
-- Table structure for table `media_types`
--

DROP TABLE IF EXISTS `media_types`;
/*!40101 SET @saved_cs_client     = @@character_set_client */;
/*!50503 SET character_set_client = utf8mb4 */;
CREATE TABLE `media_types` (
  `id` int unsigned NOT NULL AUTO_INCREMENT,
  `type_name` varchar(5) NOT NULL,
  PRIMARY KEY (`id`)
) ENGINE=InnoDB AUTO_INCREMENT=3 DEFAULT CHARSET=utf8mb4 COLLATE=utf8mb4_0900_ai_ci;
/*!40101 SET character_set_client = @saved_cs_client */;

--
-- Dumping data for table `media_types`
--

LOCK TABLES `media_types` WRITE;
/*!40000 ALTER TABLE `media_types` DISABLE KEYS */;
INSERT INTO `media_types` VALUES (1,'video'),(2,'img');
/*!40000 ALTER TABLE `media_types` ENABLE KEYS */;
UNLOCK TABLES;

--
-- Table structure for table `messages`
--

DROP TABLE IF EXISTS `messages`;
/*!40101 SET @saved_cs_client     = @@character_set_client */;
/*!50503 SET character_set_client = utf8mb4 */;
CREATE TABLE `messages` (
  `initiator_id` bigint unsigned NOT NULL,
  `target_id` bigint unsigned NOT NULL,
  `text` text NOT NULL,
  `date_submitting` timestamp NOT NULL,
  `attached_media_id` bigint unsigned DEFAULT NULL,
  PRIMARY KEY (`initiator_id`,`target_id`),
  KEY `FK_target_id` (`target_id`),
  KEY `FK_attached_media_id` (`attached_media_id`),
  CONSTRAINT `FK_attached_media_id` FOREIGN KEY (`attached_media_id`) REFERENCES `media` (`id`) ON DELETE CASCADE ON UPDATE CASCADE,
  CONSTRAINT `FK_initiator_user_id` FOREIGN KEY (`initiator_id`) REFERENCES `users` (`id`) ON UPDATE CASCADE,
  CONSTRAINT `FK_target_id` FOREIGN KEY (`target_id`) REFERENCES `users` (`id`) ON UPDATE CASCADE
) ENGINE=InnoDB DEFAULT CHARSET=utf8mb4 COLLATE=utf8mb4_0900_ai_ci;
/*!40101 SET character_set_client = @saved_cs_client */;

--
-- Dumping data for table `messages`
--

LOCK TABLES `messages` WRITE;
/*!40000 ALTER TABLE `messages` DISABLE KEYS */;
INSERT INTO `messages` VALUES (1,8,'Totam atque odio dolorem non facere. Id similique quis molestias culpa est aut. Quas delectus quisquam aut recusandae. Aspernatur fugit sed eius aut dolor quia.','1996-01-24 13:19:03',29),(2,34,'Exercitationem doloremque harum deserunt facere qui aut ex. Qui ut veritatis dolore est quia totam non. Voluptas aut optio eveniet sit vel mollitia ea cum.','1977-07-08 09:05:36',41),(2,47,'Quos voluptate dolorum omnis officiis. Magni debitis amet eius consequatur possimus aspernatur sint. Rerum ea accusamus odit reiciendis dolorem vel vel.','2016-09-06 20:53:58',13),(2,66,'Perspiciatis soluta saepe occaecati placeat atque. Dolorem id harum eos. Ducimus ipsam est laborum qui nulla. Ullam molestias optio sit.','2003-06-20 18:38:26',81),(2,75,'Adipisci maxime reprehenderit et aut impedit architecto aliquid quibusdam. Ex aut accusamus et commodi. Est quis praesentium adipisci qui et. Ut recusandae qui dicta veritatis velit enim.','1981-08-17 06:06:42',28),(3,11,'Deserunt aliquam blanditiis doloribus. Voluptas enim nisi quos adipisci voluptatem placeat. Ullam et qui quia. Quaerat fuga ducimus aspernatur distinctio et nihil omnis sint.','2012-08-25 08:16:47',31),(3,70,'Voluptatem beatae ut explicabo. Quis amet et vel quia maxime aliquam. Voluptas ullam sapiente voluptas totam qui.','1993-09-22 09:28:44',46),(5,65,'Esse iste quia explicabo voluptate assumenda. Qui ratione aperiam repellat distinctio voluptatum autem. Ut voluptatem consequatur excepturi soluta aperiam aut nesciunt.','2003-11-20 06:19:26',51),(6,85,'Qui molestiae enim aut aliquid. Voluptatem tempora nihil rerum. Quasi eum magni esse sed cumque omnis ex. Fuga odio voluptates quibusdam et minima et.','1985-01-24 02:14:49',19),(7,37,'Ipsam omnis saepe quas aut sit inventore possimus. Pariatur consequatur sit delectus. Dolore eligendi fugiat et inventore aliquid laboriosam vel. Voluptas illo optio nisi placeat.','1984-03-07 06:17:31',56),(8,32,'Molestiae officiis ab velit animi perspiciatis aut quo. Asperiores rerum est dolorum qui dolores. Consequatur consequatur et qui perspiciatis consequuntur aut et. Cupiditate et sed sit.','1994-06-10 14:13:49',40),(9,6,'Corporis saepe eius asperiores recusandae velit. Praesentium sit optio eos eos dolorum. Non harum illum necessitatibus non et. Ut harum quidem mollitia molestias in sed quidem autem.','2005-09-30 09:19:48',58),(9,7,'Nesciunt aut sint et dignissimos illo. Fugiat quam autem iste laudantium ut ea blanditiis quis. Ipsam sint animi quia vel ea.','2004-02-20 07:32:15',58),(10,6,'Magnam mollitia animi eaque vel omnis aut minima. Exercitationem est inventore beatae eum praesentium. Non minima placeat quia. Vel in qui saepe et illum debitis.','2007-11-15 18:48:35',25),(10,41,'Nobis temporibus voluptas qui. Voluptatem rem ipsa ut. Error mollitia dolores aliquid voluptatem. Exercitationem officia consequuntur ratione eum omnis esse.','2017-06-12 14:34:33',58),(11,33,'Vel velit aut ut et officiis ut quo. Praesentium ut quis occaecati inventore molestiae impedit. Natus architecto cumque quasi accusamus ratione id. Non necessitatibus ut et et asperiores.','2005-05-16 02:56:53',43),(13,49,'Commodi quia exercitationem quod numquam. Eum eum placeat quas.','2009-01-21 19:52:49',21),(14,2,'Labore et culpa necessitatibus molestiae qui. Et numquam amet voluptatem maxime sint. Aliquid consequatur et totam. Eveniet eos explicabo facere voluptas minima.','1999-01-06 17:13:00',89),(16,20,'Inventore asperiores necessitatibus quod est. Ut consequatur eligendi voluptas accusamus. Sed expedita perferendis neque dignissimos non quia aut modi. Est voluptatum architecto recusandae.','1982-03-18 21:36:15',28),(16,72,'Voluptas dolores vero error quas. Non cum aspernatur asperiores illum suscipit sapiente. Repellat fuga officia repellat. Illum adipisci est non nihil beatae eius.','2011-08-31 12:24:20',25),(18,14,'Exercitationem molestias atque est qui. Distinctio delectus voluptatum qui accusamus et minus. Itaque perspiciatis illo quo id commodi porro deleniti.','1989-07-09 06:53:10',58),(23,69,'Quod ut illo quas illum doloribus ut eos. Id voluptates ex velit sed non. Ducimus animi quis fugit quo maxime voluptatem accusantium in. Itaque accusamus voluptas unde.','1986-03-14 22:10:58',10),(25,66,'Dolor aut qui reprehenderit aspernatur. Temporibus deleniti molestiae vel et quis. Tempora iure cupiditate est excepturi veritatis voluptas praesentium. Illo cum aut possimus vel dolore.','2018-08-18 21:37:10',97),(26,38,'Maiores tenetur accusantium dolor. Non dolorum ullam delectus rem. Sunt illo molestias et sunt. Dolorem et vero corrupti est provident nemo.','2011-06-07 04:27:09',77),(26,75,'Tempore cum dolores alias maiores et. Animi corporis quae architecto. Illum cumque qui ut dolorum dolorem ut dolor.','1982-02-21 05:54:28',21),(27,40,'Assumenda sed necessitatibus ipsum pariatur dolores qui modi. Quo esse magni sunt eligendi quisquam. Sint quo nesciunt sed aut vel ratione quaerat. Atque nulla est quisquam quae.','2011-11-16 17:03:18',32),(27,42,'Suscipit omnis rerum eum dicta minima vel. Facere dolores labore aut iusto molestiae autem dolorem. Expedita facilis qui architecto reprehenderit.','1990-09-28 15:28:34',40),(29,2,'Fugiat ipsum aspernatur quae magnam. Rerum repellat amet deleniti officia. Impedit illum voluptatem qui non est.','1993-02-03 14:15:46',86),(29,23,'Eos dolor quasi illum vitae quam eius consequatur nobis. Temporibus id laboriosam aliquam rem totam. Voluptatem perspiciatis iure pariatur optio.','1989-06-16 20:10:42',85),(29,57,'Doloribus rerum quia est porro voluptates. Iste recusandae voluptatem molestiae corporis. Occaecati id et corporis officia qui.','2004-03-20 11:49:47',6),(31,28,'Et dolores at et omnis sed. Porro quidem culpa quisquam minus.','1986-01-07 05:59:15',27),(32,68,'Quae aut cupiditate quis sed labore quae. Sed placeat voluptates molestias voluptatem esse numquam eum. Amet ducimus in laudantium illum soluta officia.','2002-11-19 14:44:17',37),(33,73,'Optio sit deleniti explicabo quas aperiam vitae. Ea perspiciatis dolores id ullam beatae. Nihil qui sint quis adipisci quia.','1988-09-20 18:36:18',95),(34,63,'Suscipit nostrum et officia voluptatum et. Dolorem voluptatem ipsa repudiandae explicabo sint temporibus molestias ab. Libero in inventore ut corrupti.','1974-08-15 06:53:40',87),(34,85,'Deserunt reiciendis dolorum excepturi deserunt. Aperiam eum ut doloremque itaque. Saepe nostrum veritatis ipsum dolor fuga dolores qui.','2011-04-17 21:16:30',97),(35,34,'Aut vero distinctio reprehenderit sapiente voluptatum. Nihil dolorem totam sed molestiae voluptatem consectetur. Numquam quas ut eaque quidem sit rerum. Fuga ea qui ut rerum voluptatem dignissimos.','1996-12-25 10:38:05',49),(35,77,'Quam magni qui iste aut nostrum voluptatibus. Impedit ducimus voluptas officia cum fugiat. Sit placeat accusantium qui ea aliquam.','2019-02-24 07:40:53',100),(36,1,'Iste fugit aut voluptatem fugit dicta consequatur. Laborum ipsa fuga maxime assumenda in. Vel rerum sed et omnis illum sunt nihil.','2007-05-22 14:42:31',38),(36,7,'Sunt impedit alias sint mollitia. Dolor modi dolor id tenetur earum sapiente iste. Et ut quo eum. Voluptas quos asperiores vitae dicta.','1979-06-10 21:24:30',89),(38,96,'Soluta quisquam ut quia beatae. Ab optio rerum saepe autem temporibus laudantium dolor veritatis. At delectus eligendi illum voluptas.','1991-12-09 20:52:38',19),(40,81,'Asperiores recusandae et non qui. Blanditiis molestiae odit enim molestiae ex accusantium unde ut. Dolores autem dolor quos nihil placeat.','2003-07-12 23:59:50',67),(41,44,'Quia tenetur eos voluptas est molestiae a id et. Ut dolores corporis asperiores. Aperiam id est et sit. Commodi quibusdam sint deserunt aperiam.','2009-08-04 10:52:36',45),(41,90,'Voluptatem omnis consequatur voluptatem. Fuga cupiditate unde maiores vel. Rem ut quasi saepe possimus repudiandae est.','1994-11-22 14:34:21',31),(42,31,'Occaecati veniam repellat blanditiis ut quaerat repellat vel. Ut at ipsam ex dolorem est reiciendis. Vero laborum hic iste facilis suscipit. Cupiditate porro esse qui.','1970-07-04 17:48:35',44),(42,85,'Repellat doloribus cupiditate hic rem animi architecto repudiandae. Et qui perspiciatis culpa odit a. Rerum ut minima consequuntur suscipit et eaque.','1997-03-04 16:15:32',63),(42,87,'Minima et at reiciendis sit. Est officia cupiditate asperiores soluta ipsum voluptas.','2015-12-03 01:20:52',24),(43,83,'Amet quaerat quo sit architecto et quam. Eveniet minus error vel deserunt. Adipisci repellendus et dolorum officiis. Atque porro accusantium modi et iste.','2019-09-11 14:06:52',90),(45,76,'Aliquam eum inventore quod quod illo est. Voluptatibus non autem est dolor non eius blanditiis distinctio. At veniam id placeat repellendus ab qui.','1980-12-21 00:34:52',53),(45,98,'Quia voluptatem dolor aut asperiores rerum sint. Quia eum et repellendus tempora voluptate harum consequatur.','1987-06-09 00:06:19',86),(46,9,'Sunt nostrum non consequatur doloremque occaecati optio. Vel eos commodi facilis ipsam sit quidem velit praesentium. Aut non molestiae molestiae reiciendis exercitationem recusandae.','1999-07-15 05:45:58',21),(48,82,'Voluptatibus assumenda ut reiciendis expedita sunt delectus. Est molestiae facilis sint facere tempora et aut. Tempora debitis facilis eum voluptatem et vel rerum. Illo quae quis nobis repudiandae.','2017-01-09 08:24:32',91),(49,4,'Unde aliquid quasi reiciendis eius. Ut omnis est voluptatum minus error architecto quaerat. Deserunt rerum quo sit delectus.','1996-05-20 18:32:59',78),(50,67,'Dolorem adipisci labore explicabo. Praesentium vel quo laborum. Beatae distinctio enim non sunt labore eligendi. Perferendis eaque aperiam nulla consequuntur debitis recusandae illum.','1980-07-06 01:20:53',48),(51,26,'Delectus odit nihil iure ut. Necessitatibus nihil perspiciatis nesciunt neque. Qui vel qui et maxime ut est.','1974-09-26 19:30:45',79),(52,64,'Est harum dolores qui quos voluptas. Quo voluptatem accusantium officiis reiciendis autem beatae. Vel nisi dolor non consequuntur. Sunt id harum est ullam.','2009-05-01 12:39:35',60),(53,92,'In illum provident dignissimos. Impedit qui dolores sint voluptas. Qui dolorem aspernatur sit aut. Ullam ut dolorem facilis id dolor.','1972-10-11 01:58:20',85),(56,34,'Enim debitis similique vitae est sed beatae placeat. A accusantium asperiores nulla est.','2006-09-27 18:57:00',85),(56,53,'Consectetur voluptatibus voluptatem numquam aut quas laudantium. Veritatis voluptate facilis qui atque magnam placeat optio. Est et deserunt ut sed tenetur. Nobis rerum maxime non maxime repudiandae.','2015-10-29 22:21:41',76),(56,59,'Dolor quod repellat error laborum quos earum ut consequuntur. Odit quo in assumenda exercitationem deserunt. Praesentium tempore id voluptas.','1986-03-28 14:52:19',98),(57,68,'Sit voluptatum dolorem dolorum possimus pariatur enim. Animi eum qui veniam eos rerum. Modi voluptates eum mollitia dolores occaecati architecto tempore ad.','2019-07-16 08:03:10',50),(58,25,'Sed dolores repellat ut corrupti est quasi molestiae mollitia. Eos odit autem voluptatem aut et rerum. Rem quia minima occaecati et.','2001-11-12 20:56:17',29),(58,43,'Nostrum distinctio expedita omnis eos velit. Odit aperiam deserunt officiis. Adipisci magnam amet voluptas praesentium.','1983-07-16 00:40:54',65),(58,74,'Beatae quam reprehenderit fugit nesciunt qui. Non harum omnis sit nihil iure voluptas. Non quod voluptatem aut nam architecto earum.','2003-07-21 23:54:41',29),(59,61,'Quam fugiat facere error eaque numquam. Consequuntur culpa et et voluptatem aperiam id asperiores aspernatur. At quod nulla corporis deleniti libero dolor libero nobis.','2001-12-16 20:07:39',33),(60,43,'Sit est architecto eligendi alias. Nesciunt reiciendis explicabo culpa dolorem ipsum aut. Iusto fuga unde nulla voluptatem aliquid vel velit. Nihil optio est quae ut omnis explicabo.','2020-04-05 05:41:23',95),(62,14,'Fugit aliquam ea dolorem quis. Enim ex non neque autem omnis unde mollitia nihil. Suscipit dignissimos voluptas voluptas qui perferendis. Eligendi deleniti ipsam laboriosam iusto quidem beatae.','2000-09-18 10:46:09',71),(62,71,'Perferendis quo est tempora modi ut alias. Accusamus quam cum aperiam omnis voluptatibus non deleniti. Quam aut quo omnis ea consequatur. Est fugiat ipsam qui voluptas.','1999-10-20 15:52:00',75),(62,82,'Ratione quam repellat odit qui ipsam. Eum delectus nobis sint nesciunt. Commodi nostrum qui earum animi et.','2016-05-08 10:53:27',54),(63,26,'Asperiores incidunt sint dolor cumque molestias distinctio numquam. Et et voluptas hic consectetur. Omnis et aut sed id. Nostrum occaecati iure vel est inventore.','1974-02-28 13:18:13',68),(69,29,'Modi repellendus molestiae omnis et. Eos ut ut voluptas voluptatum dignissimos. Quod voluptatum voluptatem culpa. Delectus expedita assumenda numquam alias quas ex.','2007-09-17 19:37:03',7),(70,27,'Suscipit perspiciatis minima ea ex. Ipsam sapiente aut rem exercitationem nemo recusandae nihil. Dolor repellendus officia neque est iure. Veniam sint omnis vel aliquid hic.','2015-08-07 15:47:45',35),(71,26,'Ut officiis mollitia quaerat. Vel est veniam ut ea voluptatem dicta aut. Sit voluptatem rem dignissimos dignissimos nihil et. Aliquam harum amet quam quia consequuntur beatae libero non.','2006-06-02 09:10:34',72),(71,30,'Praesentium aliquam esse quo vel eos quia. Perferendis est vel eligendi autem perferendis ex ratione. Quis id excepturi ducimus sed.','2006-03-10 23:23:15',5),(71,94,'Eos non occaecati nesciunt illum consequuntur dolorem ut. Architecto quas quasi deserunt ex. Quis earum a facilis quas autem autem consectetur. Quasi consequatur ut explicabo qui et aut aut.','1995-06-29 01:32:39',52),(72,4,'Et ut magni dicta. Nemo vel ipsa doloribus. Magni aperiam rerum repellendus sint repudiandae cupiditate vero voluptatum. Voluptas corrupti suscipit fuga. Velit voluptates non aut nulla cumque.','2020-07-17 00:17:13',6),(72,19,'Minima est quia velit eaque itaque sit. Assumenda magni exercitationem delectus eos nihil quod. Deserunt non in sit blanditiis optio saepe.','1996-10-04 07:16:34',9),(72,80,'Consequatur dolorum cupiditate incidunt voluptate quaerat minima. Tempore consequatur minus voluptatem sit. Repellat vero rerum autem voluptatibus velit porro.','1973-12-26 06:38:22',51),(73,57,'Non fugiat harum laudantium rerum autem. Libero ipsum facere aut ipsam non sunt aspernatur voluptatem. Ipsam cumque neque ipsum qui.','2014-01-31 12:21:21',1),(75,99,'Numquam rem ipsam possimus dolorem repellendus amet distinctio. Iusto aut voluptatem perspiciatis est accusantium. Et laboriosam id est est dolor dignissimos aut.','2005-03-25 20:45:43',76),(76,74,'Officia explicabo nemo fuga nihil eum voluptas. Nulla cum architecto asperiores ab ratione ut. Ut labore fugit dolorem. Accusantium dolores ea dolores. Corporis voluptatem officia amet nobis aut.','2006-06-21 20:42:43',93),(79,51,'Nesciunt id molestias velit aperiam quia molestiae. Officia est dolorem eum eaque nihil.','1970-05-05 13:28:24',69),(79,96,'Aliquid nam consequatur consequatur dolor. Sed sed repellat non similique. Iure quos aut numquam nemo qui totam dicta. Magni fugiat quia fugiat officia perferendis ad nam.','1970-05-17 00:18:45',58),(80,14,'Laborum sit rerum tempore est voluptas. Sed fugit explicabo numquam quis enim laudantium itaque id. Blanditiis occaecati odit ut. Reprehenderit recusandae quam tempora ut.','1983-12-21 10:20:13',75),(80,88,'Quis officiis et ea nihil blanditiis. Ut accusantium occaecati suscipit qui molestias omnis quasi. Recusandae sed ut sint voluptas.','1977-12-12 17:53:54',89),(80,100,'Hic distinctio omnis dignissimos quaerat. Quos distinctio qui minima qui provident. Voluptatem earum sint sunt omnis libero voluptatem nihil. Voluptatem in a totam dolorum laudantium iure eum.','1990-01-27 01:40:12',49),(81,5,'Et velit dignissimos reiciendis numquam. Tempore sunt sit magni quis reiciendis molestiae quos.','2006-08-17 19:52:16',30),(81,45,'Iusto placeat modi eos ipsum consectetur doloribus. Sapiente modi consequatur beatae quos. Sapiente maxime deleniti omnis sint mollitia ut rem.','1980-02-13 18:53:06',53),(81,70,'Eos quis ipsum omnis voluptas. Aut officiis itaque et deleniti eos perferendis laboriosam mollitia. Molestiae quia repudiandae porro. Mollitia quos consequatur id aperiam.','2016-10-09 13:53:03',30),(83,11,'Autem nulla excepturi consequatur consectetur voluptas nemo in culpa. Provident fuga eum quia maiores at aut. Qui velit enim ut dolorum sed.','1998-02-26 12:40:33',84),(86,37,'Illum fuga consequatur et distinctio velit qui. Eos corporis ullam eum nesciunt. Blanditiis repellat eos ad corrupti. Et atque quo voluptatum sed eligendi eum.','2005-05-06 14:38:32',42),(87,71,'Qui illo error quasi vel et. Voluptatem natus velit dolorem soluta fuga omnis. Facilis beatae voluptatem eveniet dignissimos eius.','1984-07-26 03:02:24',79),(92,18,'Perspiciatis quis et ipsam et. Et blanditiis culpa autem id consectetur eum facere officia. Perferendis dolorem repellendus mollitia tempore aspernatur deserunt voluptatem omnis.','2011-03-20 04:26:17',60),(93,87,'Ut voluptatem iste atque. Voluptas qui libero eligendi nam distinctio. Impedit soluta ullam aut blanditiis. Necessitatibus dignissimos occaecati perferendis aut deleniti harum consequatur pariatur.','1989-10-23 18:58:58',18),(94,58,'Amet beatae magnam maiores odio atque quod. Reprehenderit consequuntur magni amet tenetur quos. Id quisquam assumenda recusandae nostrum. Dolorem maxime tenetur illo minima dicta libero.','1985-01-01 16:44:56',92),(95,62,'Porro fugit veritatis voluptas. Ex vel soluta sunt officiis unde eaque. Et enim eaque et et ut est voluptas. Ratione esse sapiente qui debitis cumque sed.','1978-09-30 03:59:49',87),(96,45,'Id distinctio aperiam in omnis voluptas vel doloribus. Earum aspernatur qui omnis rerum odit.','1970-04-17 11:28:22',67),(96,60,'Incidunt quibusdam odio sed omnis. Culpa labore dolorem reiciendis voluptatem porro. Et sint nam labore qui fuga.','1991-06-26 06:48:57',61),(97,37,'Non amet sed minima eos. Ut quaerat provident omnis ea. Deserunt perspiciatis sunt natus ut quo et vel. Inventore soluta iure incidunt consectetur labore.','1983-12-21 12:24:58',37),(99,43,'Qui molestias velit et consequatur. Aut sint eum similique dolorum suscipit. Quae voluptatem aut provident.','2006-08-29 08:05:43',58),(100,80,'Facilis excepturi sed expedita voluptatem dolor error sit. Ab rerum eos ea a illo consequatur ut quasi. Earum deserunt omnis dolor quae dolor. Ipsum minus error non omnis ea ipsa aut.','2004-03-02 20:46:45',60);
/*!40000 ALTER TABLE `messages` ENABLE KEYS */;
UNLOCK TABLES;

--
-- Temporary view structure for view `post_likes_comments`
--

DROP TABLE IF EXISTS `post_likes_comments`;
/*!50001 DROP VIEW IF EXISTS `post_likes_comments`*/;
SET @saved_cs_client     = @@character_set_client;
/*!50503 SET character_set_client = utf8mb4 */;
/*!50001 CREATE VIEW `post_likes_comments` AS SELECT 
 1 AS `post_id`,
 1 AS `owner_id`,
 1 AS `media_id`,
 1 AS `description`,
 1 AS `commentator_id`,
 1 AS `text_comment`,
 1 AS `who_liked_id`*/;
SET character_set_client = @saved_cs_client;

--
-- Table structure for table `posts`
--

DROP TABLE IF EXISTS `posts`;
/*!40101 SET @saved_cs_client     = @@character_set_client */;
/*!50503 SET character_set_client = utf8mb4 */;
CREATE TABLE `posts` (
  `id` bigint unsigned NOT NULL AUTO_INCREMENT,
  `media_id` bigint unsigned NOT NULL,
  `owner_id` bigint unsigned NOT NULL,
  `description` text,
  `date_post` timestamp NOT NULL DEFAULT CURRENT_TIMESTAMP,
  PRIMARY KEY (`id`),
  UNIQUE KEY `id` (`id`),
  KEY `FK_onwer_id` (`owner_id`),
  KEY `FK_media` (`media_id`),
  CONSTRAINT `FK_media` FOREIGN KEY (`media_id`) REFERENCES `media` (`id`) ON DELETE CASCADE ON UPDATE CASCADE,
  CONSTRAINT `FK_onwer_id` FOREIGN KEY (`owner_id`) REFERENCES `users` (`id`) ON DELETE CASCADE ON UPDATE CASCADE
) ENGINE=InnoDB AUTO_INCREMENT=401 DEFAULT CHARSET=utf8mb4 COLLATE=utf8mb4_0900_ai_ci;
/*!40101 SET character_set_client = @saved_cs_client */;

--
-- Dumping data for table `posts`
--

LOCK TABLES `posts` WRITE;
/*!40000 ALTER TABLE `posts` DISABLE KEYS */;
INSERT INTO `posts` VALUES (1,1,1,'Iure eligendi qui perferendis veritatis suscipit ut. Provident sed quia aut et reiciendis.','2007-10-10 02:16:05'),(2,2,2,'Et qui dolores aut dolore non quidem laboriosam. Nobis nihil qui molestiae sed amet. Aut dicta maxime eum. Quidem praesentium ut tempore a est fugit dolorem. Fuga sit ducimus qui est qui incidunt exercitationem.','1971-12-07 20:33:00'),(3,3,3,'Modi pariatur quo officia architecto temporibus iure inventore. Atque architecto sit rerum consequuntur. Voluptatem tempora corporis molestiae debitis recusandae dolores eligendi.','2003-03-07 02:02:26'),(4,4,4,'Voluptatem qui laboriosam corrupti veritatis repellat aspernatur. Assumenda ipsa minima dolores dolorum. Aut enim molestiae et quam laborum asperiores.','1991-12-08 06:43:57'),(5,5,5,'Architecto consequatur rerum est aut. Sint nemo consequuntur maiores similique assumenda et velit. Qui dolores perspiciatis aspernatur non error.','2014-09-17 03:00:01'),(6,6,6,'Quam numquam dignissimos sed deleniti facere laboriosam nulla. Distinctio nesciunt perferendis culpa sequi quia ad odit ad. Expedita veniam nihil et aut eius fugit. Ab pariatur odio a earum.','1982-03-23 16:51:28'),(7,7,7,'Eum similique sit ipsum cum fuga. Est molestiae illum quaerat tempora. Qui vel accusantium suscipit quas voluptates modi dolore beatae.','1995-07-15 21:07:06'),(8,8,8,'Qui maxime ipsa pariatur voluptas molestiae sit qui. Reiciendis quasi modi et itaque ducimus aut a nobis. Iste consectetur soluta nihil ea deserunt. Quidem nulla molestiae incidunt ex.','1998-10-01 17:50:17'),(9,9,9,'Sequi sequi fugiat voluptatem delectus recusandae. Qui sint quia et perferendis ipsa nobis dolores. Consequatur veritatis dolorem eos quae accusamus et. Ut dolore iure error molestiae mollitia in consequatur.','2004-09-28 14:22:54'),(10,10,10,'Inventore quod voluptates ab fugiat maxime omnis impedit. Incidunt culpa consequatur id voluptate. Unde rerum ullam est ducimus magni cum. Qui alias nesciunt atque voluptates laboriosam cupiditate quos. Et qui esse maxime quos.','1982-06-15 10:55:11'),(11,11,11,'Vitae id pariatur qui nemo asperiores alias et eaque. Illo et repellendus voluptas ut eaque quasi. Illo similique architecto officia voluptatibus odit harum incidunt. Ex perferendis asperiores sint error quidem tempore voluptas quia.','1991-12-12 01:56:56'),(12,12,12,'Quo aut dolore doloremque quaerat possimus et perspiciatis aut. Optio itaque voluptatem repudiandae est voluptates. Et ipsum aut facilis magni.','1998-06-15 16:33:24'),(13,13,13,'Deserunt beatae dolor placeat iure rerum totam quaerat adipisci. Aut corporis culpa totam voluptatem vel quas. Sed recusandae nihil laudantium praesentium amet sint delectus. Delectus optio amet suscipit.','1980-09-01 20:26:18'),(14,14,14,'Enim error veniam dicta et recusandae veniam optio quo. Quia enim in cumque consequatur ex commodi. Quasi quo temporibus minus.','1970-11-25 08:23:52'),(15,15,15,'Ipsum esse porro rem aut commodi dolor. Molestiae dolor et error hic maxime sequi. Consequatur quod qui consequatur et magnam iusto ab officia.','2013-07-30 06:36:32'),(16,16,16,'Expedita doloremque accusantium sit dolor voluptatem ut porro. Excepturi est expedita repudiandae itaque blanditiis. Reiciendis sequi rerum sit qui.','1976-08-31 20:46:34'),(17,17,17,'Laborum quo enim est non similique voluptatum sunt et. Sequi necessitatibus nesciunt rerum voluptatem laudantium. Et reprehenderit quaerat et voluptates. Facere sed ea cumque veniam.','2015-05-23 09:09:53'),(18,18,18,'Tenetur eligendi et quod labore ipsum amet sapiente. Non dolore et ut nihil laboriosam et et quod. Iusto enim cupiditate ut ab qui cumque. Laborum corrupti inventore odio.','1973-08-06 09:14:35'),(19,19,19,'Saepe est dignissimos quis et cumque. Laboriosam totam aut qui porro. Consequatur iste veritatis ut tenetur aut porro.','2000-02-10 11:12:28'),(20,20,20,'Excepturi magnam facere qui ut in. Dolore quibusdam exercitationem omnis esse rerum perferendis. In quia recusandae quasi tempore quia eum. Ex tenetur excepturi eligendi nemo perferendis.','1970-05-31 18:10:15'),(21,21,21,'Non ducimus tempora at. Repellat error qui quam blanditiis aut dolore aperiam quis. Magni earum asperiores numquam et ut ab in. Dicta facere ut et nihil libero.','2020-01-31 01:54:31'),(22,22,22,'Non molestiae at ut sequi. Cupiditate ea dolorem dolores aut voluptates ipsum.','2007-07-29 05:37:02'),(23,23,23,'Facere tenetur perferendis eum. Nemo aut asperiores animi optio aliquam. Dolor officiis aut totam rerum sunt.','2001-12-07 11:02:14'),(24,24,24,'Sint labore autem aut occaecati ea non. Tenetur expedita aut aliquid maiores expedita quo. Placeat et rem recusandae et est iste.','2006-01-23 03:52:06'),(25,25,25,'Assumenda sit voluptate sunt porro. Laboriosam aut assumenda ullam sed quisquam et.','1979-04-28 22:03:32'),(26,26,26,'Harum repellat iste aut voluptatum voluptatibus perferendis. Id pariatur commodi quasi minima explicabo esse. Blanditiis unde sapiente dicta nihil temporibus.','2011-07-02 00:57:13'),(27,27,27,'Et id vel eveniet molestias. Architecto fugit ullam consectetur. In qui fugiat et quo voluptatem.','1996-10-28 20:19:37'),(28,28,28,'Totam autem veniam facilis ipsum sed quos dolor. Est libero debitis vitae. Velit aut architecto corrupti qui fugiat quas doloribus.','1980-04-22 07:54:24'),(29,29,29,'Recusandae rerum recusandae quis dolorem qui. Optio asperiores perspiciatis perferendis quia animi voluptatem voluptate. Vitae eligendi amet quia non quam et. Incidunt praesentium rem sit beatae.','2002-07-10 18:23:59'),(30,30,30,'Ea autem doloremque architecto nihil. Et vel omnis aperiam nobis officia unde sit. Rerum quod vel officia ea non incidunt.','2007-08-01 09:19:58'),(31,31,31,'Est tempora omnis animi culpa aut. Accusamus quia ut ipsam rerum architecto. Hic incidunt a voluptatem perspiciatis voluptas molestias consequatur veritatis. Alias maxime aut in dolorum in est.','2007-08-22 07:41:52'),(32,32,32,'Labore beatae deleniti ad maiores et quaerat error. Quaerat totam sint nobis ab facilis perferendis. Soluta sed repellendus sit explicabo. Cumque consequuntur sed itaque fugiat laudantium recusandae. Error qui quia qui atque et.','2007-01-17 11:25:16'),(33,33,33,'Voluptate dolores odit maiores quas. Natus ratione ut fugiat quaerat ab molestias. Aut dolorem quo aut excepturi perspiciatis.','1977-12-22 03:52:49'),(34,34,34,'Doloribus excepturi qui sit quam. Ex ex odit exercitationem animi optio. Ut aliquam reprehenderit minima totam ut ut.','1974-08-15 16:39:56'),(35,35,35,'Nisi et provident voluptatem quia eos et ipsum sapiente. Alias quaerat et deserunt dolorum aut. Quibusdam enim quia ut debitis velit distinctio voluptates. Aut totam et impedit perspiciatis.','2011-04-30 15:25:30'),(36,36,36,'Minima sint eligendi eos culpa asperiores reiciendis quaerat voluptates. Optio doloribus illo aliquid consequatur nesciunt sunt quis. Aliquam magnam iure cupiditate deserunt inventore expedita. Ab aut eaque aut ut et. Voluptate perferendis rem atque accusamus eaque et molestiae.','2006-04-09 14:09:00'),(37,37,37,'Reprehenderit at non ex qui ea. Sed voluptas error explicabo est aut ad sed. Voluptatem doloremque dolores velit qui commodi autem et autem. Corporis voluptas non autem quidem id quisquam molestiae.','1982-08-15 22:41:36'),(38,38,38,'Inventore consequatur iure et unde ratione aut accusamus quia. Magnam consectetur officiis sed assumenda ipsum quas nisi ducimus. Vel in quae omnis quos. Sed et quas architecto dolorum rerum porro sapiente.','1991-06-21 12:43:46'),(39,39,39,'Provident non voluptate pariatur eos eos id debitis. Error ut et accusantium rerum occaecati. Voluptatem dolores amet numquam pariatur voluptates sint. Libero consequatur repellendus est ex officia et et.','2009-12-17 11:21:29'),(40,40,40,'Quis ut quibusdam voluptas recusandae similique iure. Ea ut qui porro quas enim. Architecto dignissimos repudiandae minus. Cumque alias sapiente reiciendis aut.','1984-09-26 16:57:50'),(41,41,41,'Est nihil magnam nihil nesciunt nihil eveniet perferendis eaque. Eius labore natus sequi fugit eveniet qui molestiae. Sit suscipit ratione perspiciatis soluta sit. Mollitia laborum quod qui iusto est atque reprehenderit qui.','1993-03-21 02:37:35'),(42,42,42,'Quaerat distinctio ab voluptatem nesciunt. Nostrum a qui nisi aliquam nam explicabo error doloremque. Quia mollitia excepturi aut et laudantium.','1974-08-15 13:06:16'),(43,43,43,'Qui error temporibus labore odio facere corporis. Voluptatibus id id et facere eligendi tempora. Modi consequuntur maxime alias et harum voluptate ex. Omnis illo suscipit aut quam consequatur adipisci odit omnis. Quia exercitationem sit vitae pariatur debitis qui quod.','1972-03-03 01:52:12'),(44,44,44,'Quia qui est ex debitis sed dolor qui veniam. Fugiat est veniam neque a deleniti ullam omnis. Ut et nihil facilis ex ut molestias illo quisquam.','2006-06-12 22:35:51'),(45,45,45,'Voluptatem alias sed quas cum non. Omnis quaerat et unde eligendi quaerat eveniet veritatis. Ab qui non ea sed.','1974-10-20 11:39:17'),(46,46,46,'Quia ut explicabo inventore fuga sunt. Tenetur doloremque accusantium voluptatem ad praesentium qui. Eaque pariatur commodi iure aut. Molestias sapiente et voluptas minima.','2006-01-25 23:03:26'),(47,47,47,'Sed at eligendi qui minima. Aut dicta in omnis voluptas qui eum. Cumque voluptate quis earum mollitia omnis doloribus sed. At vel id enim expedita.','1995-05-26 18:02:41'),(48,48,48,'Et odit sint beatae. Ipsa aut suscipit quis asperiores dolorem. Minus sed asperiores quae eum. Incidunt vero quidem quasi enim quis ex sed.','1975-08-23 11:23:52'),(49,49,49,'Exercitationem sed voluptas sunt magni amet. Omnis nostrum maiores voluptas consequatur qui sed quaerat possimus. Architecto voluptate reiciendis voluptates ut dolorem enim.','1977-02-18 23:40:11'),(50,50,50,'Ut iure excepturi excepturi voluptatem dolorem. Laborum et aut distinctio aperiam. Molestiae et possimus aperiam earum amet ducimus et. Id nulla distinctio ut sunt sint eos dignissimos. Nisi et et eum qui quis dignissimos ipsa.','1995-05-05 11:18:27'),(51,51,51,'Non nam architecto nostrum voluptate natus. Omnis dolorem quaerat quisquam numquam quos et autem. Numquam quam molestias tempore et quod ea quo. Est reprehenderit numquam consequatur harum officia.','1978-03-20 07:25:01'),(52,52,52,'Et repellendus aut nihil. Earum voluptatum magni quae et odit cum debitis quae. Laudantium velit consectetur ut vero recusandae qui.','1974-04-24 03:33:33'),(53,53,53,'At facere aut provident sed. Rem sint praesentium et perspiciatis consectetur qui esse sed. Rerum hic dolorem nesciunt ut asperiores vel.','2001-06-27 21:47:57'),(54,54,54,'Sit aut distinctio quasi ab quasi consequatur reprehenderit. Qui beatae autem nostrum qui. Sit quis suscipit eligendi amet sunt amet.','1981-06-01 00:48:16'),(55,55,55,'Natus architecto necessitatibus aliquid et nam magnam praesentium. Illo porro maiores qui ipsam voluptas dolorum. Consequatur nihil et expedita dolor dolor hic. Quia recusandae nostrum minus nulla.','1981-02-17 23:33:47'),(56,56,56,'Perspiciatis quod praesentium veritatis ab distinctio facilis. Veniam voluptatem vel quibusdam aut. Vel et praesentium natus cum. Quis neque unde est modi ut excepturi. Quos praesentium maiores minima omnis veritatis nemo.','1995-02-16 00:08:49'),(57,57,57,'Placeat in cumque quaerat qui eaque ipsa est. Consequatur distinctio qui provident. Minima et quod non est.','1973-08-07 03:02:28'),(58,58,58,'Est fugiat a labore fuga optio illum aut. Voluptas consequuntur deleniti nemo nostrum quas rerum amet repudiandae. Repudiandae necessitatibus accusantium suscipit.','1986-10-05 00:04:55'),(59,59,59,'Facere quia error sed aut eius culpa rerum. Distinctio veritatis vel nesciunt. Recusandae aut eligendi distinctio incidunt ipsa. Fugit commodi magni est facere vitae ipsum. Ipsam asperiores est repellendus veniam inventore.','2015-01-16 04:12:03'),(60,60,60,'Quaerat ipsum ducimus alias aperiam exercitationem qui. Quibusdam ut harum voluptatum aperiam. Dolores repudiandae et debitis iure voluptate.','1993-11-14 05:53:35'),(61,61,61,'Et tempore dolor tempora ea quisquam esse quod. Fugit unde veritatis fuga placeat soluta. Sed assumenda quam sint error molestiae est in. Dolore nesciunt iure saepe odit eum voluptate.','1978-09-18 04:00:56'),(62,62,62,'Est praesentium consequatur quia ad eveniet quasi id iusto. Eligendi id voluptatem eveniet sapiente. Consequuntur ut iusto omnis ducimus.','1976-12-31 22:43:32'),(63,63,63,'Est soluta quia maxime. Qui quis et delectus nobis consectetur quidem perspiciatis. Et dicta non eum. Nostrum magni earum voluptate consectetur voluptatem.','1981-12-26 20:00:56'),(64,64,64,'Modi sunt soluta id voluptate facere at quisquam vitae. Eos suscipit necessitatibus occaecati nihil omnis rerum delectus. Consequatur tempore nihil rem fugiat qui. Ea qui in dolore omnis repellendus sit doloribus sapiente. Quae in quo eius quo.','2011-09-28 09:52:18'),(65,65,65,'Rerum commodi aut dicta omnis. Enim nihil est et dignissimos provident illo. Qui non quam minus excepturi sint iusto nisi perspiciatis. Molestias expedita et possimus magni amet tenetur.','1977-10-20 18:56:55'),(66,66,66,'In aspernatur cumque dolor sit sed ea deserunt. Omnis provident occaecati dolorem sit omnis. Minus voluptatem aut repellendus ipsa ad ducimus exercitationem. Eos dolore officia voluptatibus necessitatibus aut.','2012-02-04 10:51:51'),(67,67,67,'Magnam ipsam aut qui fuga dolor. Sint quia illum eaque fuga voluptas eum omnis delectus. Et iste nisi ut est illo sit est.','1990-02-16 03:01:08'),(68,68,68,'Nam consectetur corrupti debitis veniam corporis tenetur eaque. Earum porro officia nisi dolorem hic cupiditate quod. Nam eum tempore ut officiis sunt. Est libero fuga est qui. Dolor perferendis eos aut.','1996-12-05 22:18:36'),(69,69,69,'Amet sit vel ab facilis perferendis. Optio cum perspiciatis officia perspiciatis unde quibusdam. Est perspiciatis laboriosam officiis ullam nostrum atque. Dolores quia aperiam alias quae explicabo unde vero minima.','1981-12-10 07:41:16'),(70,70,70,'Reiciendis vel consectetur ipsum. Est tenetur ullam soluta optio.','1997-08-17 02:02:33'),(71,71,71,'Ut excepturi ratione iste vero quas. Dignissimos ut quis in id mollitia. Magni voluptatem ea occaecati ut inventore.','2012-12-30 03:12:19'),(72,72,72,'Suscipit consequatur vero doloremque eum ut animi nulla laudantium. Aperiam sed provident quasi. Rerum sit voluptates aut iste repudiandae sed nihil.','2019-08-02 19:21:36'),(73,73,73,'Est quos similique ratione voluptas eius libero enim. Sit ab ducimus dolorem. Eaque qui nisi ut est velit temporibus odio minima. Hic ipsam blanditiis eos. Enim sed incidunt molestiae sit quam a ex.','1979-01-21 16:08:15'),(74,74,74,'At maxime sit inventore. Officia autem facere sit voluptatem sit enim. Eius vitae dolor id et numquam et aut. Voluptatem magnam quibusdam id et dolores velit.','2000-08-18 08:14:13'),(75,75,75,'Pariatur qui vero est saepe ut est. Id explicabo et dicta aut. Incidunt quod suscipit officiis corporis laudantium vel cumque.','2012-07-12 23:39:31'),(76,76,76,'Incidunt consequatur reprehenderit est nesciunt quia error. Harum est rerum maxime et quis inventore ratione. Debitis neque voluptatem veniam inventore consequatur consequatur. Blanditiis nihil voluptate aspernatur placeat.','1993-11-26 02:30:31'),(77,77,77,'Saepe quia excepturi qui dolor. Aspernatur nam possimus ut sed ipsum est. Animi animi voluptate necessitatibus sint repellat alias dolorem. Temporibus accusantium in recusandae labore qui quis corporis atque.','1983-08-02 02:38:12'),(78,78,78,'Vero praesentium maxime neque deleniti velit accusantium. Sint aut consequatur asperiores repudiandae earum et non mollitia. Tenetur quis iusto aut mollitia ipsam ad.','1977-09-08 06:54:15'),(79,79,79,'Voluptas eos veniam sit vel nemo. Doloremque corrupti a excepturi repudiandae. Nam qui unde delectus omnis error est quia. Minima dolor vel dolorem assumenda et facere.','2004-09-12 22:39:13'),(80,80,80,'Veritatis aperiam rerum eum doloribus exercitationem. Dolores soluta ipsam neque aut laborum adipisci. Autem dolores numquam quibusdam qui optio pariatur voluptas quo.','2002-07-16 12:09:06'),(81,81,81,'Tempore culpa molestiae quis rerum aspernatur totam. Inventore ipsum doloribus voluptas eos.','1970-12-25 18:38:21'),(82,82,82,'Dolor qui veritatis nam ut omnis. Corporis aperiam nihil quod. Dignissimos aliquid molestiae sed. Eos corrupti maiores ipsa sit. Sit ut sit sint laboriosam veritatis sit.','1972-08-27 03:08:37'),(83,83,83,'Aliquam cum unde quis. Est autem quisquam itaque quas ipsa distinctio. Omnis ut ipsa ratione deserunt dolor earum ea dicta.','1987-03-03 18:02:15'),(84,84,84,'Nostrum velit vero commodi placeat explicabo hic neque. Magni vero et minima veniam expedita ad et. Deserunt quia repellat molestiae voluptatem et beatae vel. Consequuntur modi ex modi repudiandae beatae.','2011-06-03 08:09:12'),(85,85,85,'Eum facere vel explicabo magni. Amet placeat debitis voluptatem voluptatem sint aut. Dolorum magnam et ea. Autem tenetur et consequatur omnis ex cupiditate.','2002-02-28 21:14:27'),(86,86,86,'Quae nulla ducimus aliquid sunt. Qui commodi minus sit consectetur provident quis. Quos ab placeat et.','1983-06-27 03:47:11'),(87,87,87,'Dignissimos in ut expedita et voluptates necessitatibus quod. Maiores ea qui totam natus. Veritatis et quia ea sequi distinctio voluptatum maiores.','2005-08-30 03:06:33'),(88,88,88,'Id earum eveniet voluptas molestiae voluptatem. Sed non vero eius nobis. Rerum aperiam reprehenderit quia veritatis excepturi ipsum dolores nihil.','1972-07-22 10:22:41'),(89,89,89,'Impedit quis laboriosam et culpa eum. Hic itaque quod quis magni sint. Qui rem facere maiores vel a et. Harum ipsum amet nihil totam.','2006-10-31 01:46:51'),(90,90,90,'Eos repellat magni et qui dolores neque enim. Praesentium est aut aut et nostrum provident autem voluptas. Corrupti eaque porro officia in pariatur libero. Accusamus magni molestias sunt facere quia magnam commodi.','2016-10-18 18:26:21'),(91,91,91,'Facilis vel cupiditate omnis assumenda eum. Enim voluptas rerum excepturi eos. Odit distinctio ut tempore. Totam iure provident deserunt eos.','2009-10-18 01:02:31'),(92,92,92,'Quam labore maiores temporibus est esse. Earum neque qui sint fugiat ut dolorem. Aperiam voluptatem et occaecati quis maxime vel enim. Ex minima ut enim iusto.','2010-07-11 03:42:07'),(93,93,93,'Voluptate quia inventore natus quas qui voluptatem voluptatum corporis. Qui quo rem sequi commodi quis pariatur. Nihil ipsam ipsum nihil distinctio similique impedit.','1983-04-07 19:25:17'),(94,94,94,'Sequi quidem rerum dolorem aut dolor eaque et consequatur. Pariatur est nihil explicabo enim. Beatae facere ratione accusantium.','1974-07-30 03:19:07'),(95,95,95,'Et veritatis velit rem voluptatem. Ut sunt commodi voluptatem amet iusto omnis placeat. Accusamus laudantium temporibus enim eaque quod earum.','2011-05-24 10:29:43'),(96,96,96,'Aperiam maiores dolores voluptatem et. Vitae dolor aspernatur unde maxime. Et est et dolor placeat eligendi beatae est.','1984-09-14 22:52:52'),(97,97,97,'Excepturi sint porro id dignissimos. Non sed odit labore dolore. Quia consequatur laboriosam quae quis. Repellendus dolor qui qui corporis officiis et vel illum.','1984-02-03 10:09:55'),(98,98,98,'Et sed doloribus laudantium sunt voluptatem laudantium in. Occaecati rerum laboriosam veritatis numquam in. Iusto ad sed qui perspiciatis ea quo. Aut autem illo nisi accusamus voluptatem.','1990-02-04 02:03:23'),(99,99,99,'In voluptatem omnis adipisci eos recusandae. Nobis quo enim blanditiis quod minus ratione. Ut consequatur ut dolorem iste aperiam et.','1998-09-06 10:56:36'),(100,100,100,'Nihil aut unde necessitatibus maiores at non molestiae. Reiciendis nisi eos nulla quia. Et tenetur dolor saepe et corrupti quidem.','2007-01-12 09:58:01'),(101,101,1,'Id fuga laboriosam dolorem molestias et eius. Et qui sint praesentium blanditiis et sit laborum aspernatur. Ut ut nesciunt labore at consequatur sunt et.','1975-05-19 18:16:21'),(102,102,2,'Consequatur amet dolore quibusdam voluptatum. Accusantium laboriosam veniam minima accusantium. Aut adipisci eos quae reiciendis quis placeat. Doloribus ipsam facere nesciunt eos id.','1975-07-31 19:36:46'),(103,103,3,'Quo accusamus quia voluptates non sed libero. Magnam praesentium veniam ut. Sunt vero sint quaerat eum qui.','1973-04-24 00:46:11'),(104,104,4,'Dolor aperiam non et ut. Aut cumque maxime natus quo at libero voluptatibus. Laborum consequatur id in dolor quas quis. Quos exercitationem ut facilis quos esse voluptatem voluptatum ipsum. Quia nihil facilis amet alias velit quam dolor.','2016-12-05 23:41:16'),(105,105,5,'Est quo qui aliquam sint distinctio doloremque adipisci. Sit modi et voluptatibus nesciunt nobis. Nemo pariatur inventore ut odit nemo laboriosam debitis.','2011-08-05 17:39:17'),(106,106,6,'Officiis tempore non omnis quis magni dolor molestias. Qui reprehenderit dolorem eveniet ea impedit error atque. Corrupti qui maxime rerum et. Molestiae rerum voluptatem vitae autem eveniet officiis ut.','1977-09-10 14:25:33'),(107,107,7,'Et perspiciatis et quam. Cum consequatur fugit ratione magni maiores et. Repellendus quia blanditiis et dolores omnis et numquam.','2016-06-11 02:23:39'),(108,108,8,'Eveniet dolorem quaerat laborum non omnis. Laborum est nulla neque magni placeat tempore incidunt. Sit nulla a earum repellendus repellendus. Voluptate est magnam debitis accusantium sunt eum consectetur.','1982-02-13 19:57:23'),(109,109,9,'Qui est aut explicabo. Ut quia ut in commodi. Accusantium sint et dicta.','2007-10-19 02:09:23'),(110,110,10,'Accusantium consequatur sed eos in occaecati pariatur et. Dicta totam consequatur ex aperiam praesentium sunt. Eveniet distinctio aut sint nisi fugit aut id. Amet dolor voluptatem corporis et sint perspiciatis ut dolorum.','1981-10-05 12:10:11'),(111,111,11,'Recusandae eum et nihil fugiat sint fuga. Iure et unde et est et quisquam. Dignissimos sit perspiciatis placeat recusandae provident aut et.','1989-07-29 13:09:34'),(112,112,12,'Ea odit est tempora. Dolorem quibusdam voluptas sed eligendi deserunt dicta omnis minus. Consequuntur aspernatur ut ab quod et et excepturi ad.','1999-09-06 00:55:42'),(113,113,13,'Non blanditiis libero aut est omnis. Sapiente et distinctio vitae quia exercitationem repellendus. Et voluptatum aut asperiores accusantium velit aut consectetur.','2000-10-30 05:28:52'),(114,114,14,'Eos dolorum iste temporibus dicta. Animi et aut repudiandae voluptas laborum. Amet et quasi libero id.','1975-10-28 03:25:34'),(115,115,15,'Aut est qui soluta. Doloremque est maiores explicabo tempore voluptas ducimus eum aut. Est maiores enim ut accusantium ipsum ad. Ipsam voluptatem voluptas aut dolor quae.','1976-10-20 04:52:40'),(116,116,16,'Molestias in necessitatibus numquam non hic. Corporis et fugiat possimus eligendi. Sed perferendis beatae magnam magnam minima qui et. Et dolorem est tenetur tempore itaque omnis dolorem sapiente.','1979-07-26 07:28:31'),(117,117,17,'Ipsum ipsam et itaque voluptatem voluptatem autem id. Qui fuga enim consequatur ab cum. Nesciunt adipisci tempora quia at eveniet voluptatem architecto consequatur. Reprehenderit sequi aut laborum ut est facilis.','1990-10-26 06:20:49'),(118,118,18,'Repellat iste minus optio et. Hic dignissimos voluptatem doloremque incidunt consequuntur quae. Nostrum molestiae sequi enim vel minus exercitationem et voluptatum.','1987-01-17 09:05:53'),(119,119,19,'Et temporibus blanditiis quaerat voluptatem perferendis reprehenderit excepturi laudantium. Voluptas atque quibusdam est dolor magni repudiandae. Assumenda dolores asperiores quidem nesciunt cumque labore soluta. Sit dolorem itaque fugiat quis totam aliquam.','2002-04-16 12:05:30'),(120,120,20,'Asperiores vero perspiciatis quis maxime. Tenetur quam consequatur non facilis et tenetur et. Velit omnis nihil debitis eos facere sunt.','1970-10-18 03:00:14'),(121,121,21,'Perferendis veniam sunt debitis ab. Id enim quis aut ut pariatur ipsam ut. Optio eius blanditiis molestiae mollitia accusamus. Velit ab dicta molestiae. Consequatur non suscipit culpa velit eligendi id qui.','2016-09-09 07:17:25'),(122,122,22,'Enim velit aut dignissimos earum iusto officia cupiditate est. Consequuntur excepturi ut sit quia dignissimos. Fugiat quo accusantium exercitationem officia ut non non. Et in non hic nemo ex adipisci labore.','2001-12-26 20:38:50'),(123,123,23,'Id maiores sint vel consequatur repellat. Hic impedit accusantium adipisci. Recusandae laudantium impedit voluptatem voluptate non aliquid. Quia consequatur hic alias voluptas aperiam mollitia beatae repudiandae.','1986-05-13 10:11:31'),(124,124,24,'Animi doloremque necessitatibus quis architecto. Et soluta enim aut tempore. Saepe est accusantium repellat et laudantium id.','1972-10-25 07:33:27'),(125,125,25,'Assumenda laboriosam amet eaque aut voluptas labore debitis. Rem rem hic laudantium odio. Quo ullam rerum possimus magni voluptas accusantium ut qui. Fuga itaque vero aut necessitatibus.','1987-08-08 02:53:37'),(126,126,26,'Rerum quod et incidunt numquam molestias. Necessitatibus ut ut vel fugiat. Eaque tempora ab sed quis et ut. Sed odio odio ut dolor.','1989-04-16 22:10:19'),(127,127,27,'Optio officiis sed tempora placeat. Impedit ullam atque neque est. Ut eum dicta odio asperiores. Quos labore cumque molestias libero cumque autem necessitatibus dolor.','2008-09-16 21:11:56'),(128,128,28,'Officia hic consequuntur voluptatem. Maiores iste id repellat error. Ut velit quis rerum.','2012-02-03 15:02:25'),(129,129,29,'Non sit voluptate qui adipisci asperiores rerum. Dolores quaerat quo necessitatibus. Sint et sint aliquam adipisci accusamus consectetur.','1981-07-25 22:57:26'),(130,130,30,'Rerum delectus quod odit aperiam qui qui rerum. Non nisi impedit molestias itaque ut.','1979-07-25 12:32:13'),(131,131,31,'Ea praesentium et pariatur dolore rerum aut. Ab a quasi voluptatibus ut voluptates sed deleniti. Dolorum aut sint ea vel occaecati perferendis. Saepe et quo neque non.','1982-12-08 23:58:27'),(132,132,32,'Iure autem et consequatur non quibusdam ea. Consequuntur libero doloremque laboriosam officiis animi. Repellendus voluptatum et ea voluptates ut. Ea ullam vero sed ratione sunt doloribus. Nostrum corrupti voluptate nam et expedita.','2011-07-06 09:47:13'),(133,133,33,'Et eveniet suscipit eveniet debitis. Quod magni fugit recusandae id dolore eos aspernatur vel. Modi minima aspernatur quis.','1999-01-13 08:38:19'),(134,134,34,'Sapiente voluptatem tenetur quo magni. Molestiae repellat perferendis est repellendus. Laudantium eos neque non sed minima. Quis quam quibusdam aut nihil velit qui perspiciatis. Magnam fuga commodi quas libero molestiae ullam suscipit fuga.','1977-03-12 19:10:51'),(135,135,35,'Aut enim repudiandae ea. Odit est odio rerum reprehenderit eum temporibus. Non omnis voluptatem vero velit sapiente animi quis dolor. Laudantium eos ad aut corrupti asperiores illo perspiciatis.','1980-07-24 12:36:14'),(136,136,36,'Voluptas consequuntur minima repudiandae quasi asperiores. Laboriosam quae est vel nulla suscipit. At cupiditate animi consequuntur quis praesentium maxime molestiae. Vero eos reprehenderit illum vero illo.','2016-11-30 23:33:22'),(137,137,37,'Tempora aliquid magni unde. Sed unde qui deleniti debitis quos adipisci.','1987-03-26 13:42:07'),(138,138,38,'Voluptatem consequatur doloremque assumenda odio ea vel. Consequatur itaque vitae qui commodi. Dolores eum facilis molestiae dolorem. Illo corrupti vel laudantium velit magni quia enim soluta.','2012-04-20 16:17:27'),(139,139,39,'Veniam ad neque voluptas tenetur. Explicabo in impedit et minus. Aperiam voluptas veritatis amet aut ea et tenetur. Incidunt rerum expedita eaque architecto nostrum.','1978-07-12 07:27:23'),(140,140,40,'Sapiente facere explicabo nisi aliquid dolor et aut. Libero voluptatum est et nihil. Autem ratione quos ut nobis totam aliquid sint.','1979-05-07 08:05:46'),(141,141,41,'Voluptatem nobis excepturi magnam ex. Accusantium repudiandae consequatur sit. Distinctio quasi deserunt a provident dolorum.','1974-09-11 04:25:22'),(142,142,42,'Sed iste omnis quia libero consectetur. Sequi pariatur vero porro qui recusandae praesentium soluta. Vero voluptatem sit autem exercitationem ratione.','2007-12-10 11:43:51'),(143,143,43,'Commodi est sed quia est laboriosam. Quibusdam voluptatibus nihil enim qui est perferendis labore. Voluptatem incidunt officia beatae quia officia omnis. Ex quia minus aspernatur et totam cumque.','1982-02-03 01:36:58'),(144,144,44,'Facilis facilis ratione et rerum deleniti dignissimos voluptate. Eius tempore temporibus beatae officiis. Cum illo quia voluptate.','1977-07-06 01:24:59'),(145,145,45,'Dolorum quia rerum ea fugit quo nesciunt quasi. Voluptatum quam eum voluptatibus ipsam omnis libero tempore. Incidunt porro qui sed quam quis voluptas.','2011-09-24 10:16:23'),(146,146,46,'Possimus voluptas dolorem sit sit. Hic corrupti in quisquam. Rerum facere esse odio iure ut minus.','1988-06-16 12:05:35'),(147,147,47,'Fugiat suscipit esse necessitatibus quos dolorem aut molestiae. Atque sequi et molestias. Possimus eum libero et sint tenetur.','2004-01-22 23:23:33'),(148,148,48,'Praesentium est ducimus totam saepe voluptatem. In sequi molestiae voluptas a non pariatur. Rem eos quibusdam quia doloribus et cumque nemo aut. Sequi architecto totam beatae fugit maxime quisquam fuga.','2016-09-23 05:59:24'),(149,149,49,'Commodi quisquam fuga in ut. Necessitatibus et cupiditate id accusamus sed nihil. Libero corporis quos sit amet dolorem. Tempore cum expedita qui in.','1981-08-17 11:52:52'),(150,150,50,'Eum iure eius facere sed voluptatibus ab. Nulla et architecto omnis doloribus aut. Sint non nihil mollitia sequi repudiandae.','1970-07-30 11:57:09'),(151,151,51,'Ea et corrupti quos aut et est repellendus. Quaerat pariatur et voluptas ut sint maxime. Nihil est expedita rerum molestiae.','2015-02-24 02:10:32'),(152,152,52,'Perspiciatis ipsum corporis provident eveniet culpa ullam et. Perspiciatis fugiat eveniet sed excepturi architecto qui. Tempora veritatis qui repudiandae. Aperiam ipsam fuga dolores distinctio commodi accusantium.','1997-09-29 12:25:28'),(153,153,53,'Rerum laborum impedit iusto eius iste et nihil. Sit deleniti possimus et adipisci consectetur laudantium laudantium. Sunt sed adipisci repudiandae ducimus eligendi explicabo.','1998-11-13 17:58:16'),(154,154,54,'Officia est enim maiores quos. Aut quo ut est optio nihil molestiae. Molestiae consequatur vero quasi. Qui autem veniam eaque et nostrum facilis et.','1976-09-02 18:44:11'),(155,155,55,'Officiis omnis dolorum et. Dolores atque molestias enim at. Sed molestiae ut et maxime consectetur at in.','1993-08-27 00:44:00'),(156,156,56,'Vero qui esse consequuntur officiis aut. Quis eius eveniet illum veritatis.','2006-07-13 00:20:57'),(157,157,57,'Possimus qui in eum non dolorum necessitatibus voluptates. Iusto earum rerum et maxime. Repudiandae eos omnis consequatur rerum error non. Rem laboriosam reprehenderit nulla sit.','2004-06-17 14:30:33'),(158,158,58,'Sit nisi veniam voluptas labore ducimus molestiae quam. Fugiat ex repudiandae velit quo saepe. Ad officiis sint sit vel architecto et.','2015-12-31 17:01:32'),(159,159,59,'Autem velit rerum dicta molestias maiores explicabo nobis. Libero sed est dolorem.','2006-05-11 15:33:17'),(160,160,60,'Sed quo qui voluptatem neque fugit. Ad molestiae voluptatibus sequi dolor nostrum nemo excepturi. Ut repellendus sed eaque velit. Sunt quas expedita iste et magni voluptatem.','2014-10-26 05:20:53'),(161,161,61,'Consequatur quo odio aut voluptatem. Rerum sint eveniet maiores similique qui dolores suscipit. Fuga itaque harum temporibus facere. Voluptatem sequi sunt sed voluptatum sunt.','2014-04-03 18:04:09'),(162,162,62,'Aut voluptatibus deleniti eos similique. Non facilis praesentium qui et exercitationem neque voluptas accusantium. Minus unde atque qui totam.','2005-02-07 00:28:53'),(163,163,63,'Omnis et suscipit nihil possimus quos ex magnam. Natus voluptatibus voluptas sequi laudantium dolore velit.','1999-09-02 15:42:47'),(164,164,64,'Voluptatibus fuga at dolorem inventore est. Aperiam nobis quam sit delectus sit hic hic temporibus. Voluptatibus et est non a tenetur.','2006-06-25 22:10:04'),(165,165,65,'Qui qui facilis et repellat. Rerum rerum quibusdam rem mollitia itaque voluptas ipsum.','1974-08-19 21:39:51'),(166,166,66,'Architecto non asperiores vel qui itaque laudantium. Sed distinctio quia quia. Quia in fugit officia a ipsam aut sed.','2000-02-23 02:14:52'),(167,167,67,'Tenetur reprehenderit labore excepturi. Dolores aut sed fuga rem ipsa mollitia. Repellendus ad quae quia atque quis minima dolores maxime. Consequatur nihil aut dolores eum similique et aut eum.','2017-11-14 21:00:59'),(168,168,68,'Qui quia ut et voluptate. Modi aspernatur consectetur excepturi corrupti ducimus esse.','2015-11-08 08:20:46'),(169,169,69,'Quo nobis inventore id eveniet. In eligendi consequuntur maiores quia sequi. Ipsa voluptas nihil nemo id amet. Dolor earum corporis ipsa suscipit. Eum alias qui beatae earum delectus.','2006-05-08 15:18:39'),(170,170,70,'Quasi aperiam debitis officia quod architecto dolorum autem. Ut atque laboriosam explicabo quam. Eum et quis sapiente earum.','1987-04-27 20:25:01'),(171,171,71,'Iure doloremque dolorem aliquid sit minus. Vel expedita a quia optio distinctio sunt sequi ipsam. Temporibus omnis itaque corrupti voluptatem rerum et cum. Laborum enim quis numquam aut molestiae ipsam.','2005-04-21 22:36:49'),(172,172,72,'Ut accusamus aperiam soluta repellendus. Rerum ut delectus officiis incidunt. Sit porro accusamus eligendi consectetur ipsa illo. Omnis autem quasi ex minus eaque voluptatibus.','2014-04-09 17:24:03'),(173,173,73,'Alias labore modi natus laudantium recusandae. Ut nulla eveniet ducimus quisquam. Necessitatibus excepturi minima et sed et dolores. Nisi ipsam eaque qui.','1977-07-27 12:33:55'),(174,174,74,'Quas error et velit quia quasi corporis distinctio natus. Nihil quis dolor qui repudiandae eius rerum quo. Est eius in consequatur dolores ad veritatis. Ea placeat nostrum veritatis libero voluptatem accusantium.','2018-04-12 14:56:21'),(175,175,75,'Impedit aspernatur non omnis sint alias. Soluta ea blanditiis provident aspernatur ut. Explicabo ad debitis quisquam ex.','2002-09-02 19:17:30'),(176,176,76,'Dolor consequatur ut dignissimos provident maiores quas. Aspernatur cum dolorum laudantium molestiae. Provident at consequuntur vel veritatis velit consequuntur quos aliquam.','2019-10-14 03:17:16'),(177,177,77,'Tempore molestiae quia modi commodi libero distinctio qui ratione. Et amet voluptas maiores omnis voluptatem iure et. Minus quis placeat vitae quia.','1990-02-13 18:52:23'),(178,178,78,'Nisi consequatur possimus ea est inventore pariatur. Autem excepturi sit omnis quasi. Quos accusamus necessitatibus modi consequatur vero. Quaerat similique consequatur eos voluptates.','2000-12-23 17:07:44'),(179,179,79,'Et sunt sed sed accusamus eaque eaque asperiores aut. Aperiam quia repudiandae mollitia consequatur. Amet vel voluptas ut.','1985-07-12 04:01:01'),(180,180,80,'Aspernatur minus voluptas nostrum suscipit corrupti voluptate. Reprehenderit et error inventore et at. Et quibusdam beatae at nobis nesciunt necessitatibus autem. Distinctio sit eos sint reiciendis quasi minus provident.','2011-12-26 23:22:18'),(181,181,81,'Repellat ullam tempore et. Similique id totam facilis amet molestiae ipsam. Iure voluptatem sunt ex culpa. Totam aut aliquid ipsam minima.','1973-10-25 06:00:43'),(182,182,82,'Impedit aut dolor hic officia. Voluptas nesciunt consequuntur iste dolor. Id et minima ut veritatis mollitia est. At error incidunt quis quos neque velit.','1973-03-10 06:23:23'),(183,183,83,'Eveniet id est et aut assumenda. Assumenda consequuntur excepturi eaque laboriosam consequatur dolorem dolores. Itaque ut cum molestias fugiat.','2016-10-05 17:21:03'),(184,184,84,'Voluptatem vel iure sunt dicta iure. Et quo tenetur voluptas vero voluptatem quas cum quo. Eum quidem animi quibusdam quo rem.','1992-09-09 11:35:15'),(185,185,85,'Sed iure et blanditiis unde et. Laboriosam eveniet qui vitae vitae. Iste esse laboriosam ab et maiores tempora rem.','1972-11-29 09:20:18'),(186,186,86,'Repellat error quia officiis ut reprehenderit voluptas dolorem. Ab sit excepturi tenetur. Ipsum et repellat blanditiis et nostrum non.','2015-11-04 15:45:01'),(187,187,87,'Quia et sed ea nisi. Veritatis culpa natus accusantium dolores occaecati laboriosam consequuntur. Labore consequatur inventore perspiciatis quisquam et. Architecto in facere et tenetur esse laborum sit sunt.','2008-09-21 09:56:14'),(188,188,88,'Sit in sunt aperiam nisi voluptatibus. Deleniti unde est fugit doloribus soluta eum occaecati eum. Autem necessitatibus ab est. Aut sunt recusandae recusandae natus exercitationem.','2015-08-06 00:09:51'),(189,189,89,'Ducimus ullam corporis esse qui ut est ut. In et rerum doloremque deserunt qui omnis. Est itaque et et. Consequatur maxime dolore nihil voluptas quibusdam.','1977-06-01 18:20:39'),(190,190,90,'Totam ullam delectus iusto laborum voluptate vel. Iste quae aut recusandae placeat alias molestiae accusamus. Sunt qui tempore et numquam perspiciatis. Ab hic sit aut quaerat debitis hic.','1976-05-07 23:09:55'),(191,191,91,'Consectetur dolorem et magnam et est aliquid. Esse sit et provident recusandae. Nisi hic ipsam necessitatibus quidem repudiandae voluptatem. Incidunt ab a voluptatem esse id incidunt.','2008-10-04 13:38:02'),(192,192,92,'Tempore eius quaerat sed vel quam incidunt ad. Quis adipisci itaque quidem et nobis. Nisi laboriosam qui illum tempore laboriosam. Eligendi eum repudiandae fuga eum sapiente voluptas nam provident.','1995-04-23 07:02:53'),(193,193,93,'Voluptas deserunt quia eius repellat atque. Nobis laboriosam recusandae ut et qui ipsum voluptas officia. Nisi dignissimos facilis non nostrum dolor ea eaque dolore.','1974-04-08 11:07:08'),(194,194,94,'Quia aspernatur doloremque molestiae et. Iure non quo et quam nihil sed aut qui. Maxime consequuntur necessitatibus mollitia natus quia dicta. Sunt dolore quod laboriosam. Quia sint voluptatum sequi commodi consequuntur.','2003-09-28 08:41:13'),(195,195,95,'Autem est architecto necessitatibus placeat in voluptates maxime. Vitae qui ducimus ratione ipsa perferendis. Aut quas molestiae vero dolorem. Voluptas sint suscipit consequuntur voluptates.','1980-05-18 15:33:37'),(196,196,96,'Animi placeat veniam in dolorem odit voluptatibus omnis. Non facilis et explicabo voluptas. Nostrum necessitatibus repellat et dolorum rerum autem quasi.','2017-03-04 02:03:32'),(197,197,97,'Tenetur aperiam odio et corporis quisquam deserunt reprehenderit voluptates. Reiciendis vel est facere omnis. Soluta impedit quaerat quia voluptatem sed.','1989-03-15 04:26:32'),(198,198,98,'Tempore aliquid magni itaque ut. Modi beatae sed id porro. Quis aut facere tempora harum distinctio. Molestias recusandae optio laboriosam eum qui.','1991-01-28 19:49:03'),(199,199,99,'Vel sequi ipsum aut saepe voluptatum. Omnis ullam numquam illo et voluptate numquam. Temporibus reiciendis molestiae impedit nihil voluptatibus.','2010-12-11 11:30:24'),(200,200,100,'Nulla eos consectetur doloremque autem eveniet facere. In ducimus sit ut voluptatum non voluptatem.','2000-02-23 07:12:14'),(201,201,1,'Est impedit ut culpa iure voluptas. Nam et ducimus corporis et nam nemo voluptatibus. Reprehenderit voluptas magni soluta neque non alias ab. Explicabo cupiditate omnis sed fugiat a a adipisci. Qui qui voluptas dolores esse voluptas est similique.','2014-02-22 15:21:00'),(202,202,2,'Corrupti modi non adipisci sunt iure pariatur. Corrupti inventore sit ut laboriosam quibusdam nobis. Vel ea saepe aperiam illum totam veritatis architecto est.','1989-03-28 08:04:30'),(203,203,3,'Et dicta veritatis nostrum quam vel vel ad. Vel explicabo perferendis beatae corporis. Autem qui soluta veniam consectetur est.','1998-08-04 17:29:38'),(204,204,4,'Fugit voluptate eum ut omnis modi quam placeat facilis. Cumque quaerat sint necessitatibus est. Vitae ab enim tempora excepturi.','2017-03-28 11:03:50'),(205,205,5,'Adipisci ea molestias cupiditate qui. Laborum non omnis doloremque maiores. Eveniet nihil laudantium reprehenderit ipsum veritatis.','2015-12-06 21:08:00'),(206,206,6,'Officiis dicta est deleniti eum quos doloribus est. Vero reiciendis est eos voluptates voluptas. Recusandae ea voluptatem et ratione. Tempora nihil et ea non tenetur quas non. Nihil deserunt iusto dicta quae sint labore.','2017-05-25 13:26:37'),(207,207,7,'Doloribus dolor rerum perspiciatis aut asperiores iusto magnam. Est omnis quo rem corporis tempore quisquam. Ipsam voluptas impedit laudantium quisquam cum quos sed.','1974-12-24 15:35:04'),(208,208,8,'Vitae aut ut unde dolor tenetur. Ipsum et molestias eum quasi neque laborum. Accusantium unde dolor voluptatem eos. Veritatis rerum maxime architecto corrupti.','1984-10-25 04:24:25'),(209,209,9,'Quo non impedit error excepturi aut quia. Vero temporibus sit qui in aliquam expedita voluptate. Voluptate vel quaerat nesciunt ad consequatur.','1979-11-03 11:07:40'),(210,210,10,'Perspiciatis nostrum pariatur nulla. Aut at adipisci ea doloremque. Et aut quod aut et ut voluptatem numquam rerum. Blanditiis quo sunt accusantium voluptatem nisi.','2013-09-19 01:09:58'),(211,211,11,'Esse provident impedit et magni. Excepturi ea quam est ut omnis perferendis. Et aliquid praesentium sunt quas excepturi laborum et. Aut id repellat officiis sit nostrum veniam. Dignissimos qui reprehenderit rerum est fuga praesentium rerum.','2006-06-20 16:47:16'),(212,212,12,'Vel molestiae mollitia eum minima et voluptatibus. Repellendus fuga sequi quos consequatur quaerat dolorum. Voluptatem qui voluptatum quos aut sint sit minus.','1975-11-15 03:08:50'),(213,213,13,'Aut qui et id laudantium laboriosam. Libero necessitatibus sunt sit.','1989-12-14 22:27:22'),(214,214,14,'Odio eum veritatis veritatis autem distinctio inventore. Nulla dolore sequi odit ducimus omnis doloribus atque. Sint est eligendi rerum ut. Sunt praesentium officia delectus.','2004-06-05 04:04:24'),(215,215,15,'Est qui quam reiciendis nulla voluptatum deserunt. Animi fuga laborum est. Architecto similique dicta illum pariatur.','1971-04-21 06:48:20'),(216,216,16,'Error incidunt est rerum omnis et optio. Ullam dolorem dolor voluptate et vero animi molestias.','1996-10-10 05:01:45'),(217,217,17,'Iste consectetur facilis culpa labore et. Eveniet deserunt aut numquam quas. Architecto ratione magnam tempore dolor voluptas omnis. Nulla aliquam vero eum sunt. Architecto iure eos iusto omnis quasi sed.','2017-07-04 16:13:11'),(218,218,18,'Doloribus beatae accusamus ab veritatis. Voluptatem ut est est optio. Dolor illum beatae excepturi iste et. Deserunt dolores aliquid omnis ut.','1980-04-21 01:11:39'),(219,219,19,'Aut aut quis illum libero voluptatibus tempore et. Nisi et et inventore qui numquam voluptatum labore.','1983-09-19 10:37:47'),(220,220,20,'Suscipit facere aut neque eaque atque nisi. Qui ea quae tenetur. Accusantium ea provident sit perspiciatis numquam. Nostrum et repellat perferendis nihil et quam voluptas.','2016-07-27 01:58:25'),(221,221,21,'Rerum dolorum itaque sit aut molestiae quia. Et et et quam laboriosam vel consequuntur. Molestiae sit labore asperiores perspiciatis.','2018-01-19 01:05:23'),(222,222,22,'Voluptatum omnis cum debitis itaque qui ad et. Dicta reiciendis eveniet odio et. Laborum rerum voluptas quia suscipit ut quae quia architecto. Vel est voluptas ipsam ut beatae aut aut.','1995-05-06 08:48:36'),(223,223,23,'Sit atque vitae asperiores commodi molestiae. Non omnis fugiat et. Mollitia nam tempore ipsam qui maiores iste quibusdam. Est veniam est minus ipsa quia.','1990-01-13 02:44:17'),(224,224,24,'Et nam qui et eligendi corporis distinctio. Quaerat iure sed soluta quis et. Et alias aliquid amet rerum cupiditate nisi. Id architecto perferendis eveniet et.','1983-05-20 02:57:04'),(225,225,25,'Sit eum est omnis ea tenetur. Repellat et voluptatibus reiciendis debitis nesciunt dolorem esse odit. Et architecto voluptatem dicta laborum quam.','1976-08-28 03:43:16'),(226,226,26,'Quia dolores laboriosam asperiores a et. Architecto in excepturi unde quo quam ut.','1972-08-24 03:16:46'),(227,227,27,'Vero inventore reiciendis reiciendis est et repellat. Et fugit earum est iste beatae itaque neque. Odit odio qui quia. Ipsum sunt dicta qui laborum omnis maiores aut non. Non non repudiandae nihil sit.','2002-12-03 11:47:42'),(228,228,28,'Accusamus totam minima exercitationem et consequatur. Ad quidem aut alias quo provident perspiciatis voluptas cupiditate. Rem aut voluptatem nam culpa consequatur dolores tempore. Voluptate et sit et.','2008-08-01 22:00:03'),(229,229,29,'Rerum laboriosam error quia laborum minima placeat. Aut et qui voluptatem quos et pariatur perspiciatis. Alias et sunt eos illo nesciunt. Rerum odio et molestias odio earum dolor.','2013-04-01 11:41:57'),(230,230,30,'Amet a nostrum dolorem qui corrupti. Sequi soluta voluptatem voluptates dolor. Sapiente facilis doloribus et vero.','1992-03-23 22:28:21'),(231,231,31,'Delectus quidem unde enim doloribus explicabo. Necessitatibus blanditiis est possimus rerum deserunt officiis quis. Vitae aut expedita omnis. Velit maiores dignissimos facilis adipisci. Sunt porro porro perferendis odio distinctio voluptatem nemo.','1973-01-08 23:21:06'),(232,232,32,'Exercitationem et est aut ut dolorum. Omnis harum quis optio et. Pariatur qui quia dolore quaerat inventore quidem. Et vitae itaque optio deleniti quia cupiditate excepturi.','2018-05-03 10:26:26'),(233,233,33,'Qui odit porro tempora eos. Dolorum voluptatem velit dolores omnis. Ab et nihil necessitatibus non.','2011-07-13 08:38:54'),(234,234,34,'Sint aspernatur libero et occaecati error id placeat qui. Tempore optio quia non. Non maxime sint maxime perferendis. Est qui voluptates magnam.','2017-01-17 22:15:18'),(235,235,35,'Architecto asperiores nihil recusandae harum ipsa. Veritatis quod aut similique voluptatem.','1970-11-16 00:45:42'),(236,236,36,'In omnis dolorum cupiditate consectetur voluptatibus. Tenetur possimus provident explicabo iusto pariatur velit.','2009-09-26 23:07:01'),(237,237,37,'Laboriosam quo quo rerum et mollitia ullam. Reiciendis et voluptas consectetur veniam aut.','1971-01-25 00:58:08'),(238,238,38,'Vero voluptate inventore non tempora. In quia molestiae et veritatis enim assumenda eius maiores. Dolorum harum molestias fuga rem.','2010-07-17 13:15:56'),(239,239,39,'Maiores nisi placeat eos et quas. Commodi consequatur quia doloremque debitis placeat aut aperiam et. Nulla et illo praesentium nihil. Unde possimus porro dolorem sint ex tempora aliquam.','2008-01-05 17:00:59'),(240,240,40,'Rerum eveniet molestiae quis quisquam. Ut eaque eum autem ipsa. Explicabo inventore accusantium aut esse.','2007-04-06 03:25:32'),(241,241,41,'Asperiores nesciunt vel quibusdam officia minus quia. Qui cumque maxime sint sapiente molestias aut porro sed. Asperiores quis voluptatem maiores aut.','1977-06-20 10:47:39'),(242,242,42,'Natus consequuntur optio est omnis sint esse. Ut itaque suscipit pariatur sint ut repudiandae ut. Eveniet corrupti reprehenderit quia et vero. Enim dolorem pariatur optio facilis in quod adipisci.','1992-01-24 18:26:08'),(243,243,43,'Aut cumque et dolorum eligendi consequatur illum rerum. Accusantium modi et nisi culpa. Nobis aliquam dicta quia fugiat reiciendis.','1979-07-06 06:24:52'),(244,244,44,'Mollitia sunt optio sunt id cum. Occaecati fugiat aspernatur distinctio inventore neque enim. Dolore adipisci atque optio qui numquam delectus laudantium. Natus maxime illo eveniet ipsa illum minus commodi corrupti.','2009-07-15 01:24:16'),(245,245,45,'Nihil libero qui doloribus doloremque harum. Sit voluptas a deleniti eum ut sint aspernatur. Perspiciatis recusandae praesentium quod est qui. Velit quidem culpa sunt omnis corporis.','1997-09-10 22:55:16'),(246,246,46,'Enim molestias sint illo perspiciatis ut sit. Enim officia in adipisci corrupti excepturi adipisci.','1999-06-10 21:20:52'),(247,247,47,'Molestiae dolor eaque aut commodi error. Sed deleniti aut atque eum perspiciatis voluptas ab officiis. Voluptatem quo rerum nam quia. Et est omnis beatae omnis.','1970-09-12 00:44:07'),(248,248,48,'Ipsam maiores est perferendis rerum tenetur autem molestiae. Maxime sed consequatur enim tempore atque dolorum dolores quod.','2000-01-17 06:50:25'),(249,249,49,'Nobis eveniet error illum optio. Sed et iusto aut libero perferendis necessitatibus quisquam hic. Reprehenderit eos et sapiente nulla occaecati aspernatur.','1978-12-13 11:53:31'),(250,250,50,'Sit quidem est ratione. Quo dolores omnis et. Voluptas assumenda voluptatum ad quos qui.','1988-05-27 20:40:29'),(251,251,51,'Omnis inventore qui quia. Omnis nihil aut dicta dignissimos veritatis amet. Officia eveniet ad sunt quae.','1996-05-24 03:50:09'),(252,252,52,'Ea modi non aut omnis deserunt libero. Cum dolorum qui consequatur cum est aut rerum. Commodi delectus omnis repellendus est ex. Qui hic ab nostrum consectetur autem debitis ad.','1970-07-13 14:43:44'),(253,253,53,'Dolorem dolor minima quisquam tempore. Ipsum quia nostrum aliquam asperiores soluta sint nesciunt. Temporibus aspernatur esse sed excepturi recusandae ipsam nihil.','1975-08-03 01:59:15'),(254,254,54,'Sed numquam consequatur ut maiores consequatur cumque. Reiciendis id dolores alias debitis. Ut veniam voluptatum dolores dolor id.','1997-06-22 19:54:54'),(255,255,55,'Quibusdam a iusto mollitia veritatis magnam aliquam. Asperiores quos et sit. Et veniam vel saepe quod et.','2005-10-08 22:52:09'),(256,256,56,'Totam aperiam suscipit sed qui modi eveniet voluptas. Maiores in ullam et inventore.','2013-04-16 04:25:37'),(257,257,57,'Molestias deleniti molestiae voluptatum cumque assumenda ullam est ea. Laborum quos et molestiae similique nam possimus.','1976-01-30 21:22:28'),(258,258,58,'Nemo a aperiam tenetur. Corporis est repellendus velit et inventore est. Aut voluptatem corporis magni est. Voluptatem eos asperiores magnam ut dolorem sunt est veniam.','2004-09-19 01:44:55'),(259,259,59,'Sit est eligendi qui rerum voluptatum voluptas. Nesciunt optio nisi aliquid est labore in cupiditate molestiae. Cumque omnis ipsam quaerat et praesentium optio omnis. Velit sed perspiciatis ipsam saepe culpa odio atque id.','1996-03-21 08:30:12'),(260,260,60,'Nesciunt vel reprehenderit praesentium assumenda. Sequi voluptas neque autem qui error veritatis ut. Hic beatae neque praesentium qui eum voluptatibus totam earum. In facere quia praesentium.','2007-05-06 14:10:26'),(261,261,61,'Dolor non at repellat nihil tempore molestiae nesciunt. Aliquam voluptas aut labore odit voluptatem quia dolor. Saepe earum perspiciatis aut et.','2003-10-15 16:02:41'),(262,262,62,'Accusamus est eum et dignissimos dolores et quisquam. Dolorum ut et delectus fugiat. Provident enim aut accusantium optio accusantium. Et quo excepturi earum earum voluptas quia.','2017-01-16 00:15:06'),(263,263,63,'Omnis alias dolorem consequuntur quia. Deserunt et repudiandae laudantium mollitia tempora atque cumque. Est ut qui similique impedit.','2012-04-19 13:01:45'),(264,264,64,'Aut accusantium et earum architecto laborum. Est veniam quaerat commodi itaque.','2008-04-23 19:13:30'),(265,265,65,'Nulla magnam sequi quia minima eius et ut. Nam dignissimos ab nihil qui accusantium corrupti. Aliquid fuga voluptatum et quia autem exercitationem. Quae qui alias rerum delectus dolor ex.','2002-05-05 14:07:25'),(266,266,66,'Repellendus repellendus asperiores omnis error quasi impedit. Pariatur deleniti eos eos magnam officiis. Tempora et est voluptatem dolorem.','2004-04-10 13:43:04'),(267,267,67,'Temporibus commodi eaque nostrum saepe. Vel illum itaque nobis et autem. Dolore sit et iure est eligendi.','1983-02-16 02:27:25'),(268,268,68,'Veritatis ut esse libero molestias. Aspernatur deleniti doloribus consectetur ut et rerum magnam. Eum ut rem reiciendis qui sed ea. Velit molestiae error ipsum eos quod ipsum.','1978-04-08 22:56:46'),(269,269,69,'Laboriosam sit distinctio consequatur id ut. Et ut tenetur accusantium minus nihil.','1991-09-20 13:14:57'),(270,270,70,'Incidunt dicta voluptate ducimus quas. Tempore natus qui eum dignissimos laudantium. Quis quisquam doloremque iure enim. Tempore et et veritatis dolor ea nihil.','1984-11-12 12:22:58'),(271,271,71,'Deserunt suscipit aut nihil inventore. Placeat ullam temporibus at numquam asperiores iure sint. Illo qui quia enim temporibus aut ad vitae. Consequatur in aperiam harum similique non. Odit minima nobis praesentium quia explicabo fugiat itaque repudiandae.','1985-08-29 19:12:38'),(272,272,72,'Doloribus adipisci culpa unde modi exercitationem quisquam. Ut est magni enim cumque et eveniet. Voluptatem ut sit repellat doloribus quia. Nihil dolorum repellendus maxime et aut qui.','1988-02-21 14:22:30'),(273,273,73,'Qui tenetur aut asperiores sed quidem enim velit eos. Sed vero aspernatur tempora quo nesciunt eligendi. Consectetur et placeat velit. Ut totam deleniti aliquam sed in.','2002-10-08 12:13:14'),(274,274,74,'Et nesciunt ut tenetur vel delectus assumenda laborum. Illum consequuntur quaerat quis qui. Veniam nesciunt culpa odit atque ut ex non. Voluptatum illo aut in ab aspernatur vero. Et ea sunt quibusdam sed aperiam consequatur fugit qui.','1990-09-29 22:59:47'),(275,275,75,'Aspernatur deserunt deserunt tempore qui officia. Aspernatur nemo molestias qui maxime rerum. Et perferendis porro maiores at beatae impedit.','1987-03-05 11:08:42'),(276,276,76,'Qui repellendus quaerat quam aliquam quis a non. Et ut qui corrupti quidem sit. Aut expedita consequatur sunt eius cupiditate rerum.','2012-06-13 20:44:06'),(277,277,77,'Nihil rem dolor quasi reiciendis qui mollitia a. Dolore unde hic veritatis recusandae. Sit esse sunt tenetur voluptatem. Aperiam inventore omnis fugiat voluptates rerum.','1995-04-09 03:12:26'),(278,278,78,'Consequatur exercitationem modi voluptatem repellat et. Commodi eos dolores voluptate voluptas. Iure quia soluta nobis cum eveniet. Accusantium praesentium eius praesentium quidem expedita error doloremque. Autem quisquam est tempore quos dignissimos et velit.','1989-07-30 20:24:29'),(279,279,79,'Eos quaerat voluptatum eaque incidunt. Voluptate et consequatur corrupti nesciunt neque. Doloribus nesciunt adipisci quis qui. Qui voluptates porro cum error qui atque natus asperiores.','2015-04-13 20:29:14'),(280,280,80,'Sed magni aut vero autem. Dolor voluptatum et illum occaecati saepe. Vel ullam consequatur earum consequatur aut velit et sequi.','2000-11-07 05:39:16'),(281,281,81,'Repudiandae commodi optio repellendus voluptatum. Quos ut explicabo ut ut quasi eos. Aut accusantium aliquid corrupti consequatur fuga quam nisi.','1973-04-19 16:21:59'),(282,282,82,'Quidem eius dolores dolorem officiis atque. Eligendi dolores cupiditate quis repellat repellat in. Nesciunt vero error at. Ipsum et quisquam adipisci.','1986-11-03 21:42:11'),(283,283,83,'Aut aut ullam sunt error aut. Ducimus magnam vitae et ab minima. Sed tempore ipsam temporibus ab.','2017-02-02 06:14:19'),(284,284,84,'Tempora qui est dolor facere nesciunt. Rerum voluptatem tempora illum consequatur repellendus dicta. Ipsam est tempora velit dolore atque illo non.','2013-09-17 11:21:45'),(285,285,85,'Sed non consequatur placeat placeat laborum. Aut nobis aut corrupti quas. Soluta reiciendis quia quis deleniti expedita.','2008-10-17 15:57:38'),(286,286,86,'Et inventore qui tenetur eum et odio. Facere voluptatum rerum error. Sit aut labore rerum aperiam id dolorem.','1973-02-05 07:19:03'),(287,287,87,'Ut ex ea aut asperiores nihil aut. Ut consequatur voluptas molestiae cupiditate a quo. Ratione qui laudantium ut mollitia.','1972-06-17 21:35:55'),(288,288,88,'Est consectetur quidem iure sint. Velit ab qui saepe. Illo expedita porro illum distinctio explicabo asperiores id. Sunt nulla similique magnam eveniet unde.','1999-12-02 13:55:17'),(289,289,89,'Et sed architecto ipsum blanditiis quia officia beatae. Minus tempora et est voluptatem est eum. Eveniet corporis possimus ut numquam facilis magnam enim. Qui voluptatem rem saepe eaque sit aliquam nesciunt ex.','1991-02-09 15:49:00'),(290,290,90,'Quod est et non magni est perspiciatis. Ut facilis excepturi maiores porro vel vero quisquam. Voluptatibus molestiae reiciendis qui quia. Dignissimos dolores minima ut quia eos magnam numquam.','1997-12-23 08:44:29'),(291,291,91,'Mollitia beatae sit quia mollitia optio ut facilis. Consequatur ut architecto est molestiae ut consequuntur reprehenderit rerum. Voluptas culpa repellendus placeat autem.','2001-09-16 00:11:08'),(292,292,92,'Cupiditate nemo enim minima non aliquam. Ipsum dolorem natus porro occaecati qui ratione. Sit non iste at aspernatur aliquid et possimus qui. Ea laborum sapiente repudiandae doloribus necessitatibus tempore dolorum iste. Et cupiditate cupiditate voluptates et.','1994-09-28 05:50:42'),(293,293,93,'Aut et vel cum aliquid. Mollitia harum placeat dolor debitis sed autem non. Incidunt voluptas vel dolorum optio in in. Repellendus et voluptas omnis at.','2003-07-11 15:49:08'),(294,294,94,'Quos explicabo quia exercitationem magni quod dolorem voluptatem. Occaecati corporis et ullam iste similique dignissimos. Tempora tenetur architecto ullam officia quae dolorem culpa. Ea a neque magni id ut. Porro quia velit nostrum id.','1984-11-25 06:57:10'),(295,295,95,'Laboriosam libero fugiat dolorum quisquam at et. Qui rem illo modi. Eum quas modi sequi sit. Nesciunt quasi excepturi corporis a. Harum assumenda ea debitis impedit.','2000-06-09 05:51:09'),(296,296,96,'Necessitatibus inventore ut illum est iste. Dicta doloremque sunt sunt. Est vel assumenda nulla itaque laboriosam molestias officia officia.','1986-05-26 17:14:02'),(297,297,97,'Dolorem voluptatem eligendi voluptatem perferendis non veniam. Beatae beatae vero reprehenderit dolorum sed. Voluptatibus nisi nobis et qui quisquam cupiditate est.','2015-07-02 04:31:01'),(298,298,98,'Sint officia quis ut est temporibus vel. Qui molestiae tenetur et eos. Deserunt enim amet facilis rem assumenda impedit. Hic doloribus sequi fugit possimus amet. Quos sed eum ut ut architecto unde.','1983-11-07 17:05:15'),(299,299,99,'Eaque et laudantium omnis ut sed repudiandae aut. Dolores vero omnis fuga voluptatem omnis quisquam. Beatae molestiae dolore repellendus quae est et totam natus.','1992-07-17 23:50:19'),(300,300,100,'Et molestiae voluptas alias voluptatem omnis. Et ex repellat quisquam ducimus. Voluptates reiciendis et ut voluptates similique beatae eveniet. Officia expedita fugit quaerat sint molestiae dolorum ea atque. Enim tempora dolor rem adipisci similique.','2010-11-07 23:16:17'),(301,301,1,'Assumenda at placeat adipisci. Molestiae dolorem praesentium odit. Officiis modi animi quam nam enim.','1994-02-03 05:12:55'),(302,302,2,'Vitae repellendus accusamus aut neque. Minus repellendus unde unde est. Non qui soluta nam quae.','1972-08-11 15:58:35'),(303,303,3,'Non dignissimos fugit ut laudantium autem quas. Rerum voluptatem autem quis eos dolor in. Incidunt tenetur hic eaque cupiditate nam aliquam voluptate. Odio debitis quia quae magni doloremque.','1997-07-29 14:32:43'),(304,304,4,'Doloremque id labore occaecati magni. Cumque at consectetur nostrum aspernatur repellat provident consequatur consequuntur. Eaque numquam adipisci aliquid voluptatem eos sequi. Eos sint minus aut vel id et.','1992-04-08 22:19:26'),(305,305,5,'Eveniet commodi omnis architecto possimus. Laudantium inventore repellat sint dolor labore unde placeat ad. Animi quod enim dolorum. Porro rerum voluptate nam quisquam illo. Quos voluptatem voluptates at voluptatem cum.','1991-04-28 16:14:19'),(306,306,6,'Et doloremque facilis qui corrupti. Voluptatem non tempora est atque. Modi unde voluptas vitae est illo rerum. Et ex voluptatem neque enim tenetur esse eos.','2011-02-04 06:21:19'),(307,307,7,'Voluptatibus culpa id ullam autem sit ut. Similique ut amet doloribus nihil incidunt laudantium excepturi. Ad quia fugiat id nemo iste a nobis. Dolores nostrum provident eum ut qui doloremque placeat.','2005-02-03 08:53:01'),(308,308,8,'Est saepe deserunt minus ipsum. Natus consequatur et inventore non et quibusdam. Aut ut beatae sint quos cupiditate. Itaque voluptas non neque perferendis dicta hic cum est. Eius qui non reiciendis doloremque.','2005-05-04 14:47:30'),(309,309,9,'Voluptatem totam delectus commodi qui ipsam ut. Debitis minima illum aut. Recusandae consectetur aut qui corporis dicta alias. Et animi soluta autem sed delectus voluptas illo.','1970-12-25 19:42:01'),(310,310,10,'Omnis et quam excepturi deleniti corrupti aut. Deserunt tempore tempore perferendis officiis. Sed minus molestias et commodi. Nihil illum facere aut et eveniet.','2001-04-17 11:12:44'),(311,311,11,'Atque deleniti dolorum sequi iure. Odit consequuntur facere dolorem et ipsum mollitia. Minus cum dolor sit nisi voluptatum sunt. Rerum debitis dicta voluptatem maiores eaque.','2018-09-13 02:56:00'),(312,312,12,'Dolor perspiciatis rerum possimus. Libero natus vero corporis blanditiis. Mollitia qui fugiat neque aut rerum voluptas. Qui deleniti vero possimus.','2009-06-20 23:58:57'),(313,313,13,'Eaque eos aliquam ipsam. Itaque minus aliquam beatae dolorem. Temporibus officiis neque nemo qui voluptatem sunt. Voluptatum dolore cupiditate velit deserunt.','2002-12-29 13:06:55'),(314,314,14,'Sequi eveniet sed alias ab. Asperiores et ab quia et est perferendis doloribus.','2015-01-17 23:53:56'),(315,315,15,'Quia hic eveniet id qui voluptate. Est et sit ipsum amet culpa expedita sed. Nisi consequuntur aut vel modi ut. Provident omnis omnis dolores ut sit rerum.','1987-05-28 08:26:35'),(316,316,16,'Nisi vel architecto ut voluptates rerum natus aut qui. Accusantium distinctio aut deserunt et recusandae. Est quos et et.','2016-05-21 17:15:24'),(317,317,17,'Enim voluptatibus et qui. Sit quaerat voluptatem maiores. Voluptatum non exercitationem qui id laudantium.','1995-05-31 07:33:21'),(318,318,18,'Laborum officiis molestiae alias autem. Alias quidem natus dolores accusamus laboriosam. Et velit temporibus natus deserunt optio dolores animi. Saepe officiis id maiores molestias.','2016-10-22 17:35:22'),(319,319,19,'Aut ad quis minus expedita. Ea animi fugiat beatae molestiae. Suscipit dolorum quibusdam perspiciatis veniam quae optio excepturi.','1976-03-28 06:59:34'),(320,320,20,'Officia rerum alias mollitia voluptatem et. Vel quia omnis nobis excepturi. Odio consectetur dicta aut ipsam.','1995-11-18 06:05:22'),(321,321,21,'Labore error aut blanditiis nostrum. Ullam asperiores a voluptas harum qui. Blanditiis quidem odio qui ut non natus sed.','2017-11-27 01:59:02'),(322,322,22,'Ab laboriosam minus molestias explicabo harum. Ab quia magnam aut in consequatur animi.','1985-06-11 09:36:47'),(323,323,23,'Officia aliquid culpa vel alias consequatur sint. Exercitationem veritatis hic voluptas neque ab minus. Occaecati autem molestiae sunt voluptatibus laborum. Eaque qui veniam aut et sint eveniet voluptas ipsum.','2013-12-06 16:48:44'),(324,324,24,'Id pariatur sit assumenda dolorum dolore molestiae cumque animi. Praesentium qui veritatis ea corporis cumque tempore possimus nemo. Consequatur nostrum aut voluptatum dignissimos culpa deserunt.','2002-11-14 07:22:18'),(325,325,25,'Voluptate dolorem vitae inventore sint. Recusandae est rerum aspernatur molestiae id quam. Eos sunt quam aliquid accusantium.','2013-08-24 18:19:29'),(326,326,26,'Repudiandae distinctio perspiciatis adipisci magnam dolore omnis a. Tempora quia eos commodi. Optio saepe quis aut ratione.','2012-06-11 07:21:11'),(327,327,27,'Qui deleniti at hic ex. Ab modi doloremque repellendus et expedita vitae. Et voluptas deserunt id ipsam.','1978-02-21 10:12:06'),(328,328,28,'A nesciunt corrupti provident occaecati voluptas ratione deserunt. Amet minus aliquam et doloremque error. Odio rem qui expedita pariatur minima et. Quae autem ut quia explicabo.','1992-06-15 12:18:55'),(329,329,29,'Inventore numquam eos quia omnis accusamus dolorum voluptatem. Aliquam temporibus laborum porro nulla repudiandae minus porro. Aliquam nam eligendi quas dolores sit commodi. Aliquid tempora soluta ipsum iste optio.','1984-04-02 17:15:16'),(330,330,30,'Officiis magnam fugiat eveniet voluptas. Accusamus excepturi tempora alias quas aut in. Nulla excepturi quasi architecto nam qui dolor.','2010-07-26 16:04:06'),(331,331,31,'Vel optio consectetur et iste debitis sunt id ut. Autem unde ex placeat dolorem. Est voluptate quis placeat sapiente.','2010-04-25 20:49:30'),(332,332,32,'Voluptatibus nobis earum sequi repudiandae voluptatum ab. Enim iusto assumenda libero laborum libero vitae. Vel adipisci aliquid atque facere molestias in. Totam sit aut enim accusantium eos illo.','1977-02-11 03:21:06'),(333,333,33,'Expedita ut dolore rem error. Aliquid alias qui sunt. Ullam dolorem corporis et perferendis quasi. Iure ut blanditiis quam neque.','2014-06-04 17:58:38'),(334,334,34,'Aut ut ipsum quis. Qui odit molestias qui natus distinctio. Quam et fugiat ut alias sequi numquam qui necessitatibus.','1979-08-14 17:59:45'),(335,335,35,'Omnis placeat iure dolorem incidunt sapiente sit aut. Nihil eum repellat ut id facere qui officia.','2011-04-28 18:01:57'),(336,336,36,'Enim impedit et cum assumenda sunt molestiae provident. Sit facilis deserunt corrupti nam aut rem. Eveniet qui in vel. Qui qui et dolorem unde est optio laborum.','1997-09-30 13:48:15'),(337,337,37,'Illum provident deserunt consequuntur quaerat culpa aut et. Quae itaque consequatur nobis cum alias et. Suscipit rerum eligendi quis libero. Temporibus aut aut placeat ratione ut reprehenderit aut id.','1988-06-07 02:43:12'),(338,338,38,'Harum sit est hic est accusamus corporis quia. Itaque dolorem veniam quod necessitatibus.','2008-02-28 00:11:54'),(339,339,39,'Sint inventore odio eveniet expedita excepturi. Nulla quod est veritatis. Esse voluptatem laudantium nostrum. Recusandae velit libero fugiat culpa qui fugiat.','2016-04-22 01:37:28'),(340,340,40,'Voluptatem animi laudantium tempore cupiditate eum in est. Mollitia odio eaque et ipsa. Deserunt et culpa sit iure laboriosam quaerat. Consequatur molestiae magni sint dolor est et nobis quidem.','1976-01-22 19:54:36'),(341,341,41,'Expedita non architecto veniam ducimus ipsum harum. Vel omnis libero expedita numquam numquam est. Eveniet porro adipisci amet saepe dolor tenetur. Vel soluta dolore a pariatur esse ut. Magni non quod expedita nam sequi magni.','1978-09-01 23:42:36'),(342,342,42,'Dolorem quos reiciendis in. Tenetur labore aliquam occaecati sapiente et. Autem quia consequuntur sint ex fugit.','1994-04-15 10:07:30'),(343,343,43,'Veritatis dicta dolores fugit eum sit. Voluptatem illum voluptas omnis ipsam magnam culpa eum et.','1975-06-24 10:30:40'),(344,344,44,'Sapiente eius odit dolor enim repellat. Voluptate maiores ut nesciunt odit harum repudiandae. Dolorem ea beatae molestias qui quia necessitatibus. Ducimus sed exercitationem quam tempora commodi vel dolore.','2020-06-15 00:20:44'),(345,345,45,'Sit sed sit voluptas ad atque amet vero. Sunt labore error iusto totam. Quidem dolores sit ab fuga. Placeat molestias facilis dolorum architecto excepturi.','1996-08-31 00:17:31'),(346,346,46,'A dolores ipsum suscipit at laborum odit voluptatem. Dolorem odit commodi exercitationem voluptas error non reiciendis. Sapiente voluptas corrupti quaerat. Qui nesciunt et voluptate aliquam deleniti explicabo.','2006-04-30 08:39:02'),(347,347,47,'Modi non necessitatibus aut quaerat sit laborum ea aut. Autem sapiente modi qui atque. Illo quia natus consequatur distinctio. Aut odio autem sunt repellat.','1994-02-07 23:50:10'),(348,348,48,'Voluptatibus placeat voluptatum commodi occaecati. Perspiciatis totam aperiam quibusdam repellendus est et placeat magni.','1996-05-05 18:11:38'),(349,349,49,'Fuga quas molestias blanditiis voluptate sint distinctio. Aut qui ipsam earum ut ad.','1979-05-10 21:50:57'),(350,350,50,'Non est voluptatibus ratione quis consectetur. Quod itaque temporibus error dolore rerum amet illo.','1972-11-10 15:23:41'),(351,351,51,'Et nostrum et quae soluta odio dicta recusandae. Non quaerat eveniet ratione deserunt placeat sed.','1990-04-29 10:16:04'),(352,352,52,'Velit magni ut maxime impedit omnis qui. Voluptas qui sed praesentium blanditiis architecto rerum ex. Aut porro quod dolor.','2001-11-02 03:55:40'),(353,353,53,'Qui voluptates consectetur iusto aut et eos molestiae. Atque id et ea officiis aut quas. Quaerat necessitatibus sit natus soluta facere ratione.','2013-09-12 05:29:51'),(354,354,54,'Nam ut est quos et. Ut quos rem ut et. Commodi quam ut sunt.','1997-07-31 06:56:24'),(355,355,55,'Cupiditate distinctio eum et doloribus commodi vitae. Eveniet id impedit omnis voluptas dolor ullam. Minus laboriosam repudiandae quibusdam omnis labore aut.','2013-06-03 18:02:52'),(356,356,56,'Id provident hic explicabo pariatur incidunt nemo vitae. Quo id neque nam quia beatae inventore nihil.','1977-10-02 13:18:18'),(357,357,57,'Quia autem enim labore. Voluptate eum qui rerum itaque recusandae.','1997-08-15 14:53:04'),(358,358,58,'Veritatis aut iste deleniti autem ut atque quaerat. Dolorum voluptatum necessitatibus cumque. Reiciendis dolores fuga ipsam.','1979-09-10 22:41:39'),(359,359,59,'Ut aut praesentium eaque labore sit optio. Illo modi quod eaque ipsam eaque laudantium. Corporis numquam et omnis. Et quas enim aperiam quis ut cum. Quod ut hic voluptatem voluptatem ea quae et.','2007-01-16 15:01:01'),(360,360,60,'Accusantium et et autem dolor nam doloremque. Doloremque nostrum cupiditate sint. Praesentium incidunt aut quibusdam ratione. Eius repudiandae dignissimos culpa dolore.','2016-05-31 00:40:31'),(361,361,61,'Et non perferendis corrupti et ea voluptas. Enim esse accusamus tenetur inventore saepe eligendi voluptatem sed. Commodi ea sequi consequatur facere rerum et mollitia est.','1982-05-13 16:29:50'),(362,362,62,'Iusto quae facilis laudantium modi. Est ratione alias dolores enim reiciendis architecto libero. Doloremque delectus ipsa ut ut nobis.','2009-12-29 09:18:26'),(363,363,63,'Sit soluta aut voluptas. Assumenda qui id quia fugiat molestiae officia rerum.','2014-01-22 16:49:18'),(364,364,64,'Officia impedit sed sed iure ad reiciendis modi. Aut quod ea at sit. Iusto blanditiis ea totam sunt.','2015-04-03 21:00:21'),(365,365,65,'Rem numquam qui doloremque provident. Nam vel optio sunt perspiciatis odio. Et ad qui aliquid mollitia voluptatem.','2016-05-13 04:05:09'),(366,366,66,'Fuga libero sit autem molestiae quas. Accusantium alias enim facilis magni reprehenderit doloribus vel voluptatibus. Sed ut ullam harum quos. Explicabo qui mollitia necessitatibus et cumque nam repellat.','2008-11-13 01:24:23'),(367,367,67,'Quas minus est exercitationem enim voluptates aliquid. Vel quidem similique eos ea explicabo. Commodi numquam voluptates qui quam labore corporis suscipit. In accusantium iure molestiae est consequatur ad repellat.','1993-04-20 02:54:56'),(368,368,68,'Saepe ut et quos quasi laboriosam earum dolorem. Eos placeat dolor fuga.','1999-04-10 21:44:54'),(369,369,69,'Excepturi et officia atque quasi qui magni itaque. Quam sunt autem aliquid consequatur quia. Est fugit perferendis fugiat corrupti non voluptatem est.','2015-10-09 13:53:23'),(370,370,70,'Et est sunt minima sint. Velit nobis quis deserunt quia voluptatem ab. Odit ut ut debitis vitae accusantium eum consequatur.','2015-09-27 23:16:02'),(371,371,71,'Nemo animi vel reiciendis dolores error. Culpa modi autem unde. Repellendus in ea rem sit. Tempora totam quaerat tempore vero cupiditate.','1990-01-06 18:34:46'),(372,372,72,'Omnis voluptatem est voluptas est eum at corporis. Omnis expedita fuga sed laboriosam corporis et neque. Vel voluptates pariatur eos consequatur. Maiores odio quis sequi autem et harum velit non.','2020-03-03 14:10:31'),(373,373,73,'Ea dolorem in delectus impedit odit architecto porro nemo. Ut illo vel omnis voluptatem. Ut aperiam assumenda asperiores aperiam laudantium iusto soluta. Reiciendis sint sed maxime quia corrupti doloribus assumenda.','1997-08-30 05:47:07'),(374,374,74,'Aut cupiditate laudantium ratione reprehenderit et ducimus temporibus. Eum minima dicta iste sapiente ratione quos unde corporis. Nisi veniam recusandae iure et.','1998-09-06 23:22:17'),(375,375,75,'Similique qui ut consequatur minima maiores dolor. Modi atque repellendus praesentium culpa odio voluptas aliquid. Voluptatum officia illo quas neque maxime. Voluptate asperiores accusamus aut ipsa a aut.','1986-02-04 16:25:29'),(376,376,76,'Dolores est ipsa magni. Repudiandae et aliquam laborum ut eligendi voluptatem. Placeat et distinctio quis voluptatem vitae enim vel. Quisquam mollitia doloremque veniam a doloremque officiis.','1976-10-02 04:55:25'),(377,377,77,'Delectus nam nulla doloremque aliquam ut harum. Velit atque aut voluptatibus omnis. Velit magni sed amet omnis.','1985-02-19 15:25:49'),(378,378,78,'Nihil fugiat nihil architecto iste qui fuga ut. Asperiores possimus neque reiciendis facere et. Ab aliquam consequatur laboriosam totam rerum molestiae debitis.','2017-07-16 08:34:49'),(379,379,79,'Laudantium vero recusandae dolores et quia suscipit quam. Molestiae iste quidem exercitationem et odit ullam ut. Inventore ea quisquam numquam maxime voluptatem laborum sint.','2014-06-30 11:20:49'),(380,380,80,'Eum illo nemo quo molestias assumenda ut accusamus. Et non dolor consequatur. Modi expedita nulla qui amet consequatur doloribus. Consequuntur illum nihil quisquam dignissimos nostrum. Sapiente dolores ut ex qui labore saepe.','2013-11-02 00:49:28'),(381,381,81,'Mollitia eveniet recusandae delectus sit odio ratione. Voluptatibus velit magni a porro explicabo consequatur ipsum. Et quia cupiditate praesentium dignissimos. Temporibus amet qui et natus.','1972-10-19 23:16:32'),(382,382,82,'Reiciendis laborum non ipsa alias facere. Commodi tempora eum nihil aliquam. Nulla rerum earum quos dolor voluptatem vel est magnam.','1981-08-26 08:35:46'),(383,383,83,'Eos sit eum eveniet. Eaque occaecati officia animi ut maiores recusandae. Enim harum harum qui officia et rem sit. Molestiae ut repellat est dolores magnam.','2008-04-10 15:26:24'),(384,384,84,'Fugiat modi est non sed aspernatur rerum possimus vel. Fuga in totam distinctio non numquam necessitatibus omnis adipisci. Libero est voluptas aspernatur laboriosam quam id. Omnis a deserunt earum perferendis.','1988-08-13 09:54:53'),(385,385,85,'Sed consequuntur illum sit autem at molestiae. Explicabo hic in nulla iusto cumque. Quia quo molestiae occaecati est molestiae.','1984-05-23 15:17:20'),(386,386,86,'Sequi voluptatem sint soluta impedit. Labore pariatur et autem quia dicta iure dolorem. Dolor earum exercitationem eaque facere hic. Quo architecto necessitatibus earum delectus.','2016-07-07 19:28:41'),(387,387,87,'Corporis enim ad aspernatur fugiat quis cupiditate nemo. Eveniet modi possimus asperiores nisi et. Aperiam ab accusamus sit. Natus quo officia optio consequatur corporis exercitationem quam.','1998-04-26 23:06:24'),(388,388,88,'Dolor magnam consequuntur ullam expedita. Impedit ducimus dolor quis quasi voluptatum. Fugiat aut labore natus. Cupiditate dolore deserunt necessitatibus.','2004-10-26 06:04:34'),(389,389,89,'Veritatis delectus consequuntur aperiam qui quis et adipisci sint. Autem mollitia est non dolores impedit vel possimus.','1986-03-20 02:56:14'),(390,390,90,'Quo nam eos qui deleniti nihil quia. Qui placeat ut at omnis dolore et necessitatibus. Aut in optio quam quod quia reiciendis. Quidem magni dolorem ipsum minima officia corporis consequuntur. Eum non consequatur qui sequi.','2008-05-27 09:49:19'),(391,391,91,'Cupiditate doloribus numquam inventore. Veniam neque aliquam provident qui. Reiciendis beatae incidunt excepturi iure et qui ad qui.','2006-12-25 14:13:25'),(392,392,92,'Rerum voluptate amet accusantium incidunt. Tempora quia rem qui aut ut eum. Eos commodi magni consequatur.','1983-06-21 17:55:24'),(393,393,93,'Aut eum repudiandae molestiae deserunt cum ut. Maxime corrupti quibusdam nihil iure ullam. Est odit dolores aut.','2004-04-15 05:42:53'),(394,394,94,'Enim et ducimus fugiat et alias alias voluptas dolores. Et eius rerum doloremque magni et accusantium in. Eum mollitia qui hic. Ut et autem et modi nobis alias qui nobis.','2018-11-22 15:30:14'),(395,395,95,'Odio qui voluptatibus qui incidunt. Autem praesentium placeat sequi quis placeat. Consequatur blanditiis optio dolore temporibus itaque aut.','1971-08-17 12:02:41'),(396,396,96,'Tempore neque illo saepe vel voluptatum error assumenda. Laborum eos possimus id. Ipsa aut magnam facere repellat dolorem ex commodi.','2000-01-24 21:09:47'),(397,397,97,'Alias cumque voluptatem laboriosam. Non nostrum consequatur et eligendi.','2010-03-07 04:53:32'),(398,398,98,'Molestiae nihil ipsum dicta occaecati dolorem ut earum. Voluptas beatae exercitationem occaecati repellat non. Eos itaque ut qui provident.','1989-08-13 20:17:12'),(399,399,99,'Ut ducimus vitae aspernatur optio delectus expedita non omnis. In aut eos aut amet. Quam et in voluptates corrupti placeat accusantium sequi. Voluptate fuga aut reprehenderit eveniet.','1979-01-03 12:15:03'),(400,400,100,'Sed tenetur voluptate natus eius. Nesciunt itaque amet sit quis tempora. Deserunt labore recusandae tempora quidem voluptatum unde. Accusantium officiis labore tempore in exercitationem sit doloremque.','2014-08-27 05:06:40');
/*!40000 ALTER TABLE `posts` ENABLE KEYS */;
UNLOCK TABLES;

--
-- Temporary view structure for view `posts_of_concrete_user`
--

DROP TABLE IF EXISTS `posts_of_concrete_user`;
/*!50001 DROP VIEW IF EXISTS `posts_of_concrete_user`*/;
SET @saved_cs_client     = @@character_set_client;
/*!50503 SET character_set_client = utf8mb4 */;
/*!50001 CREATE VIEW `posts_of_concrete_user` AS SELECT 
 1 AS `post_id`,
 1 AS `owner_id`,
 1 AS `media_id`,
 1 AS `description`*/;
SET character_set_client = @saved_cs_client;

--
-- Table structure for table `profiles`
--

DROP TABLE IF EXISTS `profiles`;
/*!40101 SET @saved_cs_client     = @@character_set_client */;
/*!50503 SET character_set_client = utf8mb4 */;
CREATE TABLE `profiles` (
  `id` bigint unsigned NOT NULL AUTO_INCREMENT,
  `user_id` bigint unsigned NOT NULL,
  `name` varchar(32) DEFAULT NULL,
  `web_site` varchar(255) DEFAULT NULL,
  `about_myself` text,
  `email` varchar(128) NOT NULL,
  `phone` int unsigned DEFAULT NULL,
  `gender` enum('m','f') DEFAULT NULL,
  `main_photo_id` bigint unsigned DEFAULT NULL,
  `city` varchar(100) DEFAULT NULL,
  `registration_date` timestamp NULL DEFAULT CURRENT_TIMESTAMP,
  PRIMARY KEY (`id`),
  KEY `FK_users` (`user_id`),
  KEY `FK_media_id` (`main_photo_id`),
  CONSTRAINT `FK_media_id` FOREIGN KEY (`main_photo_id`) REFERENCES `media` (`id`) ON DELETE CASCADE ON UPDATE CASCADE,
  CONSTRAINT `FK_users` FOREIGN KEY (`user_id`) REFERENCES `users` (`id`) ON DELETE CASCADE ON UPDATE CASCADE
) ENGINE=InnoDB AUTO_INCREMENT=101 DEFAULT CHARSET=utf8mb4 COLLATE=utf8mb4_0900_ai_ci;
/*!40101 SET character_set_client = @saved_cs_client */;

--
-- Dumping data for table `profiles`
--

LOCK TABLES `profiles` WRITE;
/*!40000 ALTER TABLE `profiles` DISABLE KEYS */;
INSERT INTO `profiles` VALUES (1,1,'Kade Ward','http://quigleykassulke.org/','Omnis non iusto eos excepturi vel dignissimos aut soluta. Dolorem recusandae aut nulla. Eos eos atque corporis adipisci impedit.','pinkie.abshire@example.net',4294967295,'m',1,'Port Marvinchester','1985-06-22 08:33:32'),(2,2,'Cassandre Barrows','http://www.kutch.com/','Et animi dolorem eligendi reiciendis. Et quia occaecati sequi tenetur veritatis ratione. Rerum est et velit cupiditate magnam voluptas mollitia.','jimmy89@example.com',4294967295,'m',2,'Port Marvinchester','1991-02-18 23:44:31'),(3,3,'Anthony Oberbrunner MD','http://jaskolski.net/','Minima voluptatem harum dolorem. Totam possimus doloremque sit quae velit.','abigayle.kreiger@example.net',4294967295,'m',3,'Port Marvinchester','1974-02-22 17:19:26'),(4,4,'Lorine Abbott','http://www.mills.com/','Sit quis quis tenetur repellat. Amet quaerat a asperiores sit alias ut.\nAnimi ea et facere. Natus assumenda facere ullam iusto et non. Voluptas cumque voluptas reiciendis quos aut.','garret04@example.net',4294967295,'m',4,'Port Marvinchester','2013-06-07 18:21:46'),(5,5,'Emmie Cruickshank','http://www.pacochaquigley.com/','Alias soluta dolor ut in repellendus. Qui fugit et unde ut ut quae dignissimos.','alanna79@example.org',4294967295,'f',5,'Port Marvinchester','1977-08-07 02:27:27'),(6,6,'Prof. Donato Braun','http://kingokeefe.com/','Veniam dignissimos quia iure recusandae. Vero eum ullam voluptas labore. Hic labore facilis optio at quia quasi maiores vero. Consequatur non laborum eaque veniam.','jarred.christiansen@example.org',4294967295,'m',6,'Port Marvinchester','1977-10-16 16:26:11'),(7,7,'Ms. Valerie McKenzie MD','http://armstrong.com/','Totam at dolorem ut sapiente odit. Officiis necessitatibus et consequatur nisi recusandae.','mo\'connell@example.net',4294967295,'m',7,'Port Marvinchester','1985-09-29 16:20:41'),(8,8,'Prof. Nia DuBuque II','http://hills.biz/','Voluptas quo suscipit dolorem ea. Porro numquam officiis omnis labore at. Sequi est saepe exercitationem est aperiam doloribus possimus voluptates. Eum placeat labore id voluptatem.','darrel07@example.com',4294967295,'f',8,'Port Marvinchester','1972-09-16 10:43:55'),(9,9,'Samanta Keeling','http://www.bednarchamplin.net/','Ullam tempora maxime debitis deserunt. Veritatis eveniet nesciunt qui ipsa excepturi amet et. Aliquam id et facere error cupiditate error itaque. Consectetur esse a eum aspernatur et et.','marc27@example.com',4294967295,'f',9,'Port Marvinchester','1976-05-04 11:59:45'),(10,10,'Rebeka Wunsch','http://www.hauck.org/','Natus rerum sed quis. Voluptates laboriosam aut voluptatem tenetur ipsam fugiat corporis.','xledner@example.com',4294967295,'f',10,'Port Marvinchester','1978-06-28 07:32:57'),(11,11,'Ambrose Shields','http://www.cormierroberts.org/','Enim vero dolor consequatur eveniet. Voluptatem iste temporibus corporis est quae. Fugit dignissimos doloribus et eos aut.','smacejkovic@example.com',4294967295,'m',11,'West Hoyt','2019-12-01 08:47:22'),(12,12,'Prof. Antonetta Paucek','http://stracke.com/','Dicta cumque et magni nesciunt nisi et voluptatem. In reiciendis exercitationem dolores nesciunt laboriosam. Minima temporibus aut doloremque ea possimus nihil.','hagenes.lurline@example.net',4294967295,'m',12,'Ankundingshire','1995-02-09 06:45:28'),(13,13,'Keaton Steuber','http://www.paucek.com/','Ut laborum illo ipsa vel et veritatis tempore unde. Et quia est consectetur aspernatur minima quo. Magnam ad ab voluptatem est. Cupiditate nisi assumenda velit.','rowe.christina@example.com',4294967295,'m',13,'East Malikamouth','2014-07-02 11:38:59'),(14,14,'Elinore Schmeler','http://www.rogahn.com/','Sequi enim illum perspiciatis optio distinctio qui aut sed. Magnam nihil quidem voluptatem velit iusto. Alias quidem nemo quaerat architecto et dolore voluptatem.','price.jacklyn@example.com',4294967295,'f',14,'North Angelitatown','1974-07-09 23:36:48'),(15,15,'Dr. Marielle Batz Jr.','http://www.rice.com/','Sit magnam quo et. Dolorem aut saepe voluptatum doloribus corporis recusandae ad. Facilis veritatis quia sunt odit.','prince.schroeder@example.org',4294967295,'f',15,'North Westley','1979-02-14 12:51:55'),(16,16,'Damon Gutkowski','http://framiaufderhar.com/','Itaque velit at enim voluptatem. Debitis ad aperiam impedit adipisci id. Quam tenetur porro nam nemo nisi pariatur est.','bkohler@example.org',4294967295,'f',16,'Ankundingshire','1970-07-19 00:48:08'),(17,17,'Prof. Maximus Kihn Sr.','http://gutkowskimueller.info/','Sed eaque non in omnis magnam recusandae voluptatem. Ipsam optio dolorum harum natus. Rem repudiandae qui soluta voluptatem animi nihil. Saepe corporis velit dignissimos facere est qui sapiente.','bednar.dorian@example.org',4294967295,'f',17,'North Garrickhaven','2011-04-19 11:11:03'),(18,18,'Taylor Walsh','http://www.greenholt.org/','Est ad nihil neque natus non et non et. Aut doloribus aut qui iure dolor non. Soluta id necessitatibus nesciunt quas quam eum. Facere et qui assumenda earum nostrum vel.','simonis.patience@example.com',4294967295,'f',18,'East Raegan','2002-03-17 15:53:17'),(19,19,'Emmalee Williamson','http://gutmann.com/','Nisi velit pariatur non. Molestias mollitia aut est mollitia consequuntur omnis temporibus aut. Voluptate cupiditate in ea amet rerum vel.','o\'hara.dessie@example.net',4294967295,'m',19,'West Joymouth','2003-03-18 01:56:41'),(20,20,'Jacky Bergnaum','http://donnelly.biz/','Quo laboriosam esse ad sunt. Quod earum est rerum dolores. Qui aliquid dolores quia enim autem voluptas recusandae natus.','egoldner@example.com',4294967295,'f',20,'East Katelynn','1986-09-09 03:05:27'),(21,21,'Kelvin Roberts','http://pfeffer.com/','Vel labore dolorum laborum quae sapiente consequuntur quis inventore. Illo accusamus quisquam aut. Sunt neque voluptatem voluptas sint libero qui odit.','frami.halle@example.net',4294967295,'f',21,'West Andyborough','2006-07-29 23:44:30'),(22,22,'River Spinka Sr.','http://www.bartellruecker.com/','Impedit dolorum consequuntur exercitationem. Ea voluptate impedit et inventore sed.','roslyn73@example.com',4294967295,'m',22,'Port Marvinchester','1996-09-03 23:11:34'),(23,23,'Raquel Sanford','http://champlin.info/','Illo nulla sed enim ipsam. Officiis quia reiciendis voluptatem. Autem dolor velit autem ipsa ut aliquam.','annabell.dare@example.com',4294967295,'m',23,'Port Kristyburgh','1996-05-28 11:07:12'),(24,24,'Jerrell Blanda','http://wilkinson.com/','Deleniti distinctio magni nesciunt qui iure. Dolores sed consectetur quia tempora et laborum. Consectetur tenetur aut qui. Odit nostrum sed hic perspiciatis.','fhayes@example.net',4294967295,'f',24,'East Murielville','1993-03-31 04:18:17'),(25,25,'Keon Brown','http://kuhlman.com/','Dolores similique nemo hic molestias. Exercitationem minima commodi sunt porro qui. Sunt id animi quaerat autem est odit qui. Doloremque eaque repudiandae dolor dolor soluta fugiat.','kevin.collier@example.net',4294967295,'m',25,'Ankundingshire','1985-01-14 11:11:49'),(26,26,'Dr. Modesta Casper PhD','http://klein.com/','Deserunt odio amet atque neque eum et iure. Reprehenderit aspernatur quam sunt omnis. Id laboriosam est accusantium et facilis.','rolfson.jordane@example.net',4294967295,'m',26,'New Marlinmouth','1980-11-06 15:28:47'),(27,27,'Vincenzo Jast','http://glover.biz/','Nam non id deserunt et doloribus esse fugiat. Occaecati culpa eius maxime aut aut.','kianna.purdy@example.net',4294967295,'f',27,'Port Marvinchester','2002-07-27 13:08:31'),(28,28,'Noemie Daugherty II','http://www.macejkovicwolff.org/','Ut maxime laborum harum repudiandae. Omnis quisquam ut voluptas enim.','llangosh@example.com',4294967295,'f',28,'Lake Queenberg','2012-07-01 09:11:07'),(29,29,'Jennifer Leffler','http://www.lowe.info/','Consequatur et incidunt laboriosam ratione nobis molestias. Eum voluptates et nihil sit et. Et ut dolor placeat.','dane03@example.org',4294967295,'m',29,'Florencefort','1993-02-07 20:21:39'),(30,30,'Prof. Stacy Tromp','http://www.bashirian.net/','Dignissimos temporibus totam reprehenderit voluptas facilis eius. Unde placeat quis dolor recusandae eum itaque. Quidem et omnis facere est dolores. Molestias incidunt quod officia similique tempore.','jabari.powlowski@example.org',4294967295,'m',30,'Port Marvinchester','2009-08-21 03:38:05'),(31,31,'Mauricio Treutel','http://www.stoltenberg.com/','Sint doloribus consequatur perferendis magnam. Reiciendis animi similique maiores veniam aut.\nAnimi voluptas minima aut magni nobis dolorem esse exercitationem. Ea non quis iusto.','torrance03@example.com',4294967295,'m',31,'Mandytown','2011-12-06 11:45:52'),(32,32,'Conrad Roberts MD','http://prosacco.biz/','Iure ut quia consequatur perspiciatis dolores dolor. Voluptas dolores corporis quia. Provident quibusdam quaerat asperiores esse quaerat laboriosam.','irving23@example.net',4294967295,'f',32,'Sipesfurt','1986-09-26 15:30:05'),(33,33,'Dr. Sanford Christiansen I','http://lindgren.com/','Voluptatem voluptas et error. Voluptatem quas eos magni eius quisquam eos. Nesciunt maiores placeat veritatis provident provident inventore velit. Et accusamus eum doloribus aperiam.','joseph32@example.com',4294967295,'f',33,'Lake Ardith','1990-11-30 07:19:38'),(34,34,'Prof. Naomie Jakubowski','http://boscoward.com/','Qui et voluptatem labore provident. Consequatur similique eum officiis minima voluptatem aut. Earum deserunt consectetur laborum dolor.','nienow.sibyl@example.org',4294967295,'m',34,'East Murrayville','1985-06-07 12:59:36'),(35,35,'Dr. Rosalee Blick II','http://www.glover.com/','Sequi possimus cupiditate ullam ipsa provident est enim. Ex repellat mollitia tempore. In suscipit excepturi quae saepe.','satterfield.jana@example.net',4294967295,'f',35,'Lake Joshhaven','1987-10-14 07:03:13'),(36,36,'Dr. Magali Pfeffer','http://www.yostbechtelar.org/','Architecto aut omnis doloremque est voluptas et. Voluptatibus saepe suscipit soluta nemo. Ut et ut beatae aut consequuntur ea. Nam nulla vel et voluptatem. Voluptate vel optio iusto et neque.','jamar84@example.net',4294967295,'f',36,'Mosciskiville','2018-01-27 17:59:33'),(37,37,'Rod Konopelski','http://www.west.net/','Ut esse et sapiente blanditiis ipsa ut ut ipsa. Fugiat corrupti doloribus minima vero adipisci delectus. Vel earum qui at vitae dolorem rerum fuga sit.','gonzalo.pfeffer@example.com',4294967295,'f',37,'North Guiseppefurt','1982-08-27 03:46:47'),(38,38,'Ross Pacocha','http://hamill.org/','Ad quia sunt odio illum. Aliquid enim sed adipisci expedita. Temporibus velit aut libero magnam soluta sit deserunt. Sunt accusantium molestiae aliquam et vel minima.','phermann@example.org',4294967295,'f',38,'West Clarabellehaven','1990-10-18 22:08:51'),(39,39,'Dr. Dillon Wiza','http://toy.net/','Enim eos et ad sit aut eum occaecati ea. Animi porro voluptas sit nihil iste sit. Sit maiores optio dignissimos et.','maida07@example.net',4294967295,'m',39,'Prosaccofort','2010-04-28 04:14:42'),(40,40,'Prof. Alden Hagenes IV','http://rau.com/','Ipsum enim repudiandae ut id sunt. Architecto eum nobis natus dolorum consequuntur. Sunt vero rerum impedit totam quo asperiores.','jennifer24@example.net',4294967295,'m',40,'South Josueshire','1992-09-07 06:25:22'),(41,41,'Dr. Era Tillman','http://www.volkmanfunk.com/','Id commodi libero iste incidunt consequatur fuga. Amet explicabo at eligendi qui id eaque recusandae. Excepturi sunt architecto quisquam similique consequatur.','istrosin@example.com',4294967295,'m',41,'West Ramonmouth','2002-12-30 03:42:08'),(42,42,'Shane Russel','http://lemke.net/','Voluptatem non autem architecto id nisi hic. Non laudantium dolor molestiae itaque. Quia rerum et molestiae debitis nihil deleniti quo.','qdubuque@example.org',4294967295,'m',42,'East Anastacio','2003-08-27 01:54:10'),(43,43,'Raoul Streich','http://dach.com/','Quia laboriosam necessitatibus reiciendis consequatur omnis odio. Dolore sit sunt necessitatibus occaecati quia saepe. Nisi quis rerum est omnis.','savanna11@example.org',4294967295,'f',43,'Port Emelyside','1982-04-21 21:24:55'),(44,44,'Nichole Goyette IV','http://www.schusterdickinson.biz/','Qui veniam laboriosam voluptate est ex ut aperiam. Facere animi vitae officia voluptatem ipsum. Et dolorem consequatur non neque aut voluptatem.','monserrate12@example.net',4294967295,'m',44,'Russville','1989-04-24 22:32:01'),(45,45,'Dr. Jacklyn Herzog','http://crist.biz/','Earum modi quis molestiae excepturi et ducimus. Praesentium vel itaque consequatur corrupti. Repudiandae dolor autem corporis quia hic officia. Porro delectus quo dicta molestias maiores veritatis.','spinka.julianne@example.com',4294967295,'f',45,'East Johannmouth','1983-04-10 21:17:35'),(46,46,'Rachael Hamill','http://roob.com/','Quas voluptatum dolorum ea repellendus. Rerum consequuntur non assumenda facilis quia qui ea. Sit deleniti ut voluptatem sit architecto dolorem eveniet. Sed fugiat autem dolorem ullam nihil.','madaline11@example.org',4294967295,'m',46,'Prosaccoland','2006-12-06 07:54:00'),(47,47,'Rubye D\'Amore','http://hackettstrosin.com/','Amet asperiores doloribus modi dolorem aut error. Doloremque quia explicabo aut deleniti perspiciatis non ut. Perspiciatis dicta magni dolorem et error pariatur et.','ankunding.scottie@example.com',4294967295,'m',47,'Port Hildaburgh','1989-01-11 01:52:22'),(48,48,'Mable Rosenbaum DDS','http://jasthahn.info/','Similique maxime consequatur ab distinctio voluptas iusto. Assumenda illum sunt minus dignissimos dignissimos et. Ipsam aut facere placeat quae qui facilis voluptatum quibusdam.','ggerlach@example.org',4294967295,'m',48,'North Kyleeshire','1999-06-09 10:57:37'),(49,49,'Salvatore Goodwin MD','http://predovicbraun.com/','Dolorum omnis non natus velit labore est. Quidem repudiandae et similique facilis cum aut ea. Repellat et eos molestiae est expedita velit natus veritatis.','mueller.maddison@example.com',4294967295,'m',49,'Harveystad','1995-01-23 20:04:44'),(50,50,'Colin Greenholt PhD','http://www.mitchell.info/','Id voluptas sint non quam mollitia harum omnis. Nostrum ullam natus expedita quia aliquam reprehenderit in. Ut molestiae sit sint voluptas. Qui rerum ut amet iusto eveniet ipsam pariatur ullam.','haufderhar@example.net',4294967295,'m',50,'Kristofferland','2010-01-02 09:41:39'),(51,51,'Summer Schuster III','http://ernser.com/','Dolor provident enim ut. Eaque rerum sapiente nihil nesciunt. Cupiditate accusamus distinctio sunt ipsa quidem.','jaylen49@example.org',4294967295,'m',51,'Port Tressieton','1990-11-23 09:31:10'),(52,52,'Madelynn Hammes','http://jonesjacobson.com/','Et maiores beatae non unde commodi. Dolore repellendus atque quis ipsam. Est repellendus vero reiciendis sint est tempora et. Quia corporis est quos consequatur neque est.','king.micah@example.net',4294967295,'m',52,'Ankundingshire','1985-11-27 17:07:32'),(53,53,'Kayla Denesik','http://schiller.com/','Quidem blanditiis iste et. Facilis assumenda et enim eos ducimus et. Nam voluptas quis ullam reprehenderit eligendi. Modi voluptatem ut quidem pariatur.','bblanda@example.org',4294967295,'m',53,'New Kamillehaven','1975-02-02 22:36:01'),(54,54,'Ebony Walker','http://tromp.com/','Hic repudiandae asperiores sequi. Dolorem provident sit consequatur deleniti qui. Inventore voluptate sequi assumenda adipisci quia. Rerum et provident ipsum est cumque.','ckuhlman@example.com',4294967295,'f',54,'West Lew','1983-06-10 10:53:08'),(55,55,'Josie Hegmann PhD','http://www.carroll.org/','Pariatur repudiandae illo a laborum et deleniti laborum dolores. Distinctio odio aut aperiam quod repellat in ad sed. Hic expedita est asperiores. Sit esse veniam dignissimos cumque.','herzog.jazmin@example.com',4294967295,'m',55,'Mariellebury','2014-04-28 15:21:56'),(56,56,'Frances Quigley PhD','http://shieldsstehr.biz/','Eos et eius debitis ut saepe aliquid iusto nam. Dolorem nemo et magni odit consequatur.\nAut odio velit maxime harum libero. Est ut facere cum facilis.','kristy.welch@example.com',4294967295,'f',56,'Ankundingshire','2005-02-27 13:06:45'),(57,57,'Prof. Elisabeth Moore','http://www.gibson.com/','Beatae dignissimos magni magnam et. Accusantium minus rerum totam qui. Et qui fugiat non aut consequatur facilis consectetur.','von.lonie@example.com',4294967295,'f',57,'East Pollyfurt','1997-07-27 07:48:16'),(58,58,'Monroe Rutherford','http://bartoletti.net/','Dolor est autem asperiores quibusdam. Et dicta laudantium et sequi dolores ex et. Omnis eveniet in dolorum omnis.','kiehn.brant@example.org',4294967295,'f',58,'Satterfieldbury','2001-11-18 19:04:21'),(59,59,'Mr. Brain Nader','http://hauckryan.com/','Assumenda est voluptatibus consectetur unde. Voluptatum maiores vero possimus sunt voluptas qui.','serena41@example.org',4294967295,'m',59,'Reichelport','2011-11-18 07:59:18'),(60,60,'Myrna Kohler','http://www.langbins.com/','Ipsa qui accusantium aut dolores quo voluptatibus laudantium. Nulla omnis est aperiam quo qui velit et veniam. Et recusandae eum eum sunt velit quibusdam. Odio consequatur natus nihil.','silas.fisher@example.org',4294967295,'m',60,'North Lonfort','2012-12-21 03:15:46'),(61,61,'Garnett Aufderhar','http://windler.info/','Aliquid eius facilis dolorem voluptatem quia. Non veniam ut voluptas quidem quia est voluptates. Veniam dicta et dolor provident.','adelbert83@example.net',4294967295,'f',61,'South Buckport','1997-09-01 01:35:54'),(62,62,'Shawn Cartwright','http://www.bechtelar.com/','Dolores est magnam qui optio. Dolorum ab voluptatem nulla ab minima. Nihil sit illum dolorem laborum officia odio consequatur. Consequatur debitis similique consequatur sint incidunt totam sed nulla.','annette.goyette@example.net',4294967295,'f',62,'West Trace','1982-03-10 06:59:44'),(63,63,'Estefania Torphy','http://rice.biz/','Et ipsum deleniti molestiae dolorem reprehenderit adipisci. Quibusdam qui et dolores. Minima quisquam expedita et porro. Quibusdam ut eaque non quo laborum.','moses.ledner@example.com',4294967295,'f',63,'Ankundingshire','1980-09-27 16:33:33'),(64,64,'Mr. Douglas Rath','http://kulaspouros.com/','Ex qui nemo dignissimos molestias ut. Quia possimus consequuntur enim veritatis. Tempore tempora repellendus quae quia. Dolor ullam rerum numquam eum laboriosam consequatur.','hobart83@example.net',4294967295,'m',64,'Ritchiestad','1997-08-20 20:32:37'),(65,65,'Dr. Milo Pfannerstill Jr.','http://hansenmiller.info/','Quo et ut et quasi. Unde harum non est placeat ut. Illum nemo reiciendis qui modi.','obeatty@example.net',4294967295,'m',65,'Johnsonberg','1980-04-27 11:17:00'),(66,66,'Reta Jones','http://www.lynch.biz/','Beatae voluptates aut amet nulla dolorem cupiditate. Modi omnis harum ea quo vel et ratione. Animi accusantium molestiae labore deleniti ut laborum ipsam.','brigitte.buckridge@example.com',4294967295,'m',66,'East Francisberg','1972-02-10 03:44:46'),(67,67,'Mr. Jameson Paucek II','http://bruen.com/','Suscipit inventore voluptas at earum voluptatibus. Porro omnis suscipit ut ab earum excepturi magnam maxime. Aliquid aut et soluta eveniet illo. Ut rerum nostrum ut minus aut rem est.','mellie36@example.net',4294967295,'m',67,'West Derrick','1994-04-08 05:05:36'),(68,68,'Elinor Harber','http://collier.com/','Consequuntur ea dolorem sunt accusamus. Et cum nulla esse eligendi rerum architecto.','fiona.koch@example.org',4294967295,'m',68,'West Arthurport','2007-05-01 09:48:21'),(69,69,'Filiberto Ledner IV','http://www.bauch.com/','Quo maiores fuga et voluptas sed ut dolor. Molestiae est quis fuga fugiat quidem non. Illum fugiat non qui aspernatur. Molestias et nihil error sint.','ray31@example.org',4294967295,'m',69,'Ankundingshire','2012-12-06 17:59:06'),(70,70,'Prof. Schuyler Swift','http://www.beier.org/','Voluptates inventore veritatis est unde nobis voluptas voluptatum sed. Ipsam maxime cupiditate vel debitis explicabo.','xhansen@example.org',4294967295,'f',70,'New Sydneyhaven','1985-06-22 16:06:23'),(71,71,'Roberta Schiller III','http://www.harvey.biz/','Quos qui voluptatem voluptas qui perferendis sed animi quidem. Sed enim accusantium qui harum magni. Atque a aut velit et maiores et.','jsatterfield@example.org',4294967295,'f',71,'Kellieview','2010-07-03 19:47:33'),(72,72,'Lynn Wehner','http://mcdermott.biz/','Illo nam vel harum modi rem. Incidunt vel voluptatibus et. Iure et odio asperiores et. Aperiam quos eligendi cumque ex quos. Reprehenderit ipsum autem reprehenderit consequatur quo.','howe.terry@example.com',4294967295,'m',72,'West Frederickside','1994-06-03 14:50:56'),(73,73,'Jedediah Murphy','http://rath.com/','Amet blanditiis aut ut esse deserunt. Repellendus ut quos ut et provident architecto. Sit quaerat sunt eligendi iure omnis aspernatur doloremque quidem. Molestiae in vero hic.','fkuhic@example.net',4294967295,'m',73,'Lake Evansmouth','1990-11-01 11:41:29'),(74,74,'Dr. Kenyatta Wiegand','http://armstrong.com/','Amet debitis eius sequi quia voluptas. Sint et temporibus voluptatem aut. Fugit tempora ex voluptatem atque vero.','dschmeler@example.org',4294967295,'m',74,'Pearlland','2016-05-01 03:18:04'),(75,75,'Chelsey Quitzon','http://lueilwitz.com/','Fuga officia nulla similique autem est. Occaecati qui repellat vel enim ipsum voluptatem consequatur.','laverna04@example.org',4294967295,'m',75,'South Malliehaven','1992-05-28 17:55:32'),(76,76,'Jordane Roberts','http://www.white.net/','Error nemo est alias commodi sed saepe quia. Qui velit laboriosam in quae. Sit fugiat asperiores eius qui. Distinctio sint ut et dolore et voluptas quod molestias.','aylin32@example.com',4294967295,'m',76,'Ankundingshire','1987-08-01 16:35:13'),(77,77,'Mrs. Stephany Trantow DDS','http://www.mraz.net/','Nihil commodi porro asperiores eligendi ut sint. Id qui cupiditate repellat eligendi. Qui aut necessitatibus quisquam est. Non eum eius nam sit blanditiis aperiam.','janick08@example.com',4294967295,'m',77,'Port Amayaland','1989-03-08 15:53:43'),(78,78,'Mr. Bernardo Kunde DVM','http://www.turner.com/','Quos voluptas vel veniam quaerat deleniti ipsa. Quo vitae ea qui earum. Est provident molestiae saepe veniam ipsa cupiditate consequatur. Iste minima reiciendis laboriosam doloremque.','filomena.bernier@example.com',4294967295,'f',78,'West Leonardotown','1980-04-06 06:03:20'),(79,79,'Dr. Andres Rowe V','http://www.blickbins.net/','Dolorem deleniti possimus quibusdam et repellat blanditiis. Voluptatem atque debitis similique corrupti. Ut autem porro aut et. Quia molestiae et omnis consectetur aspernatur.','destinee20@example.com',4294967295,'m',79,'Lake Pascaleport','1991-08-11 16:55:51'),(80,80,'Kiana Turcotte','http://www.hodkiewiczhermiston.com/','Vel ipsa eum suscipit minima. Id et nihil eius sed id quia laboriosam doloribus.','adrian.little@example.com',4294967295,'f',80,'Lake Harmony','2001-11-25 10:26:57'),(81,81,'Mr. Eli Steuber','http://www.lemke.net/','Totam vitae modi officiis quo ipsam repellendus. Voluptatem culpa nesciunt voluptate vitae non enim enim. Accusantium ipsa quia recusandae eum et. Voluptates suscipit doloribus rerum et id est enim.','lang.waino@example.net',4294967295,'f',81,'Sawaynchester','2001-10-19 01:07:46'),(82,82,'Dr. Claudia Schiller','http://emardmurray.biz/','Saepe minima et et ut quo. Nobis sunt voluptas porro sint et et debitis. Praesentium earum eligendi recusandae. Hic asperiores laudantium culpa sapiente maiores id.','lessie53@example.com',4294967295,'m',82,'Wilhelmineland','2008-06-06 18:42:27'),(83,83,'Vince Rath','http://www.kihnhammes.net/','Non provident consequatur esse necessitatibus tempora. Sit iusto ut consequuntur beatae amet quam nostrum quibusdam. Fugit culpa pariatur et totam neque et.','nella.gislason@example.org',4294967295,'f',83,'New Adah','2018-01-30 23:04:57'),(84,84,'Velva Adams','http://crist.info/','Quia hic dolor doloribus et in dignissimos eius. Sed laudantium distinctio corrupti debitis voluptatibus. Quibusdam et aperiam vitae ut. Et id possimus et autem.','horacio.herzog@example.org',4294967295,'m',84,'Lake Kayden','1970-01-27 23:53:38'),(85,85,'Clinton Champlin','http://www.parker.com/','Ab est minima voluptate quia fuga. Adipisci qui eum itaque recusandae. Vitae molestias ea similique voluptatem sit id voluptas.','yondricka@example.net',4294967295,'f',85,'Port Camrenton','1972-12-08 19:59:32'),(86,86,'Hailie O\'Kon','http://kuhic.org/','Qui qui cupiditate alias non. Odit eligendi libero consequatur id soluta. Eum eos earum fugiat ipsum vero eos.','sawayn.bennett@example.com',4294967295,'f',86,'New Brook','1993-09-04 18:48:06'),(87,87,'Etha Rau','http://www.swiftmurazik.com/','Alias numquam quia optio in quae illo atque. Sequi non sed omnis illum repellat qui. Necessitatibus maxime fugiat illo veritatis non animi consequatur.','supton@example.net',4294967295,'f',87,'New Emiliaport','1978-06-20 22:24:18'),(88,88,'Mrs. Lila Hahn','http://www.runolfsdottir.com/','Quos aut ex et mollitia dolorem eligendi. Nihil consectetur amet corporis exercitationem qui vel quia. Excepturi et ut sed officiis. Enim magnam rerum ut placeat laudantium voluptas.','fhodkiewicz@example.com',4294967295,'f',88,'North Kyliefurt','1993-07-26 05:44:08'),(89,89,'Alysson Wiegand','http://dietrich.net/','Totam inventore inventore deserunt molestiae. Omnis vel fuga deserunt culpa minima. Quaerat voluptatibus ullam ex tempora accusamus rerum. Dolorem ab nihil libero vitae.','jettie.bashirian@example.com',4294967295,'m',89,'North Jeniferland','2008-11-01 10:49:56'),(90,90,'America Emard DVM','http://walter.com/','Et ea ex impedit qui corrupti quasi. Sint ut nulla distinctio debitis est. Reprehenderit ipsam eum et consequatur et. Nostrum eos et atque.','yoshiko.leuschke@example.org',4294967295,'f',90,'Grahamborough','1996-07-05 02:14:07'),(91,91,'Macy Ritchie','http://moore.com/','Reprehenderit aut quae voluptatibus harum quidem laudantium. Laborum aut qui tempore sunt quod. Accusamus ullam reprehenderit ab dolores iure harum. Placeat sapiente nisi est alias.','darron.cassin@example.com',4294967295,'f',91,'Feilmouth','1975-10-14 03:16:17'),(92,92,'Mr. Ashton Beier','http://hamill.com/','Asperiores consequatur est aut pariatur dolorem. Necessitatibus aliquid quae libero sint.','darrin.beer@example.net',4294967295,'m',92,'West Ian','2001-02-16 09:42:38'),(93,93,'Brigitte Carroll','http://www.jast.com/','Maxime dicta eos porro est. Autem iste excepturi est ut. Repellendus quas tempore iste ut quos.','jaleel36@example.com',4294967295,'f',93,'Luciuschester','1991-09-06 08:36:32'),(94,94,'Darian Reilly','http://www.ratkewhite.com/','Optio maxime voluptatem rem perferendis maxime in. Dolores consequatur reiciendis facere optio et. Dolorem voluptatem dolorem magni esse ab cum omnis.','stephany.schulist@example.org',4294967295,'f',94,'Krismouth','1972-05-10 11:14:15'),(95,95,'Mr. Hillard Treutel Jr.','http://www.flatleydaugherty.com/','Odio asperiores velit et sapiente qui tenetur. Voluptas provident iusto modi aut quisquam eligendi reprehenderit. Eos rerum sint aut qui.','elmira.d\'amore@example.net',4294967295,'f',95,'South Santaside','2005-09-05 20:56:01'),(96,96,'Jayson Hettinger','http://www.pagac.com/','In maxime itaque blanditiis perspiciatis mollitia sit. Est placeat aut qui non ratione molestiae corrupti. Dicta consequatur ea dicta ad distinctio.','richmond99@example.com',4294967295,'m',96,'Kayleyberg','1997-12-13 19:04:20'),(97,97,'Dr. Joshuah Flatley DDS','http://www.cummerata.com/','Velit accusamus quia sed. Sunt omnis incidunt dolor molestiae possimus. Iste expedita fuga assumenda veritatis voluptatem et provident. Voluptas perspiciatis culpa ipsa.','eveline49@example.net',4294967295,'f',97,'North Scottie','1992-08-16 15:39:19'),(98,98,'Prof. Cooper Kautzer V','http://www.moen.com/','Accusantium soluta quia commodi vero. Sed delectus perspiciatis ipsa dignissimos minus eum. Distinctio ea minus voluptatibus voluptatibus quaerat.','elbert16@example.net',4294967295,'f',98,'Port Germaineburgh','2017-11-01 04:14:59'),(99,99,'Prof. Eliezer Cremin','http://marks.net/','Sit similique aperiam ea. Assumenda itaque explicabo modi ratione quia in. Minima eos et ea officia similique.','kuphal.ned@example.com',4294967295,'m',99,'North Jaydonton','2001-05-17 16:09:05'),(100,100,'Creola Heaney','http://schmeleroconnell.com/','Beatae enim reprehenderit dolorem repellat excepturi. Inventore et non aperiam exercitationem magni labore tenetur fugit. Labore id necessitatibus distinctio itaque voluptatibus perferendis id.','hroob@example.com',4294967295,'f',100,'New Octavia','1990-02-11 11:20:35');
/*!40000 ALTER TABLE `profiles` ENABLE KEYS */;
UNLOCK TABLES;

--
-- Table structure for table `subscribers_and_subscriptions`
--

DROP TABLE IF EXISTS `subscribers_and_subscriptions`;
/*!40101 SET @saved_cs_client     = @@character_set_client */;
/*!50503 SET character_set_client = utf8mb4 */;
CREATE TABLE `subscribers_and_subscriptions` (
  `user_id` bigint unsigned NOT NULL,
  `follower_id` bigint unsigned NOT NULL,
  PRIMARY KEY (`user_id`,`follower_id`),
  UNIQUE KEY `UNIQUE` (`user_id`,`follower_id`),
  KEY `FK_follower_id` (`follower_id`),
  CONSTRAINT `FK_follower_id` FOREIGN KEY (`follower_id`) REFERENCES `users` (`id`) ON DELETE CASCADE ON UPDATE CASCADE,
  CONSTRAINT `FK_target_user_id` FOREIGN KEY (`user_id`) REFERENCES `users` (`id`) ON DELETE CASCADE ON UPDATE CASCADE
) ENGINE=InnoDB DEFAULT CHARSET=utf8mb4 COLLATE=utf8mb4_0900_ai_ci;
/*!40101 SET character_set_client = @saved_cs_client */;

--
-- Dumping data for table `subscribers_and_subscriptions`
--

LOCK TABLES `subscribers_and_subscriptions` WRITE;
/*!40000 ALTER TABLE `subscribers_and_subscriptions` DISABLE KEYS */;
INSERT INTO `subscribers_and_subscriptions` VALUES (26,1),(59,1),(60,2),(95,2),(4,3),(75,3),(100,3),(40,4),(71,4),(98,4),(2,5),(15,5),(27,5),(29,5),(17,6),(22,6),(11,7),(13,7),(21,7),(53,7),(60,7),(4,8),(10,8),(28,8),(62,8),(78,8),(83,8),(5,9),(39,9),(42,10),(9,11),(10,11),(14,11),(27,11),(47,12),(97,12),(20,13),(36,13),(65,13),(70,13),(80,13),(92,13),(97,13),(14,15),(48,15),(52,15),(1,16),(6,16),(20,17),(24,17),(54,17),(79,17),(87,17),(93,17),(73,18),(77,18),(40,19),(94,19),(3,20),(18,21),(74,21),(39,22),(9,23),(19,23),(76,23),(8,24),(24,24),(25,24),(41,24),(75,24),(7,25),(45,25),(49,25),(31,27),(51,27),(77,27),(83,27),(12,28),(51,28),(62,28),(87,28),(11,29),(89,29),(94,29),(19,30),(26,30),(28,30),(44,30),(48,30),(97,30),(46,31),(48,31),(62,31),(43,32),(45,32),(67,32),(95,32),(86,33),(22,34),(54,34),(5,35),(25,35),(27,35),(50,35),(44,36),(46,36),(61,36),(28,37),(42,37),(63,37),(88,37),(33,38),(79,38),(91,38),(67,39),(34,40),(56,40),(85,40),(29,41),(53,41),(56,41),(88,41),(98,41),(99,41),(21,42),(80,42),(60,43),(69,43),(81,43),(82,43),(53,44),(82,44),(1,45),(6,45),(49,45),(94,45),(99,45),(13,46),(37,46),(81,46),(83,46),(36,47),(46,47),(47,47),(51,47),(59,47),(61,47),(87,47),(88,47),(15,48),(45,48),(71,48),(90,48),(30,49),(26,50),(24,51),(30,51),(36,51),(14,52),(44,53),(91,53),(33,54),(68,54),(70,54),(100,54),(13,55),(99,55),(49,56),(3,58),(68,58),(9,59),(35,59),(16,60),(38,60),(64,60),(6,61),(31,61),(71,61),(95,61),(31,62),(52,63),(73,63),(10,64),(57,64),(4,65),(12,65),(55,65),(56,65),(52,66),(57,66),(72,66),(76,66),(82,66),(7,68),(22,68),(72,68),(77,68),(21,70),(23,70),(59,70),(65,70),(78,70),(81,70),(72,71),(96,71),(50,73),(67,73),(69,73),(92,73),(15,74),(39,74),(43,74),(90,75),(8,76),(50,76),(92,76),(93,76),(84,77),(85,77),(19,78),(69,78),(89,78),(3,79),(29,79),(33,79),(12,80),(42,80),(61,81),(70,81),(30,82),(34,82),(85,82),(93,82),(16,83),(17,83),(55,83),(66,83),(80,83),(84,83),(91,83),(17,84),(37,84),(38,84),(43,84),(1,85),(34,85),(64,85),(68,85),(32,86),(66,86),(23,87),(55,87),(58,87),(74,87),(76,87),(90,87),(96,87),(2,88),(11,88),(38,88),(96,88),(23,89),(64,89),(65,89),(84,89),(32,90),(41,91),(63,91),(86,91),(100,91),(35,92),(63,92),(73,92),(74,92),(86,92),(89,92),(98,92),(16,94),(18,94),(35,94),(40,94),(7,95),(32,95),(47,95),(66,95),(8,96),(25,96),(54,96),(75,96),(79,96),(5,97),(37,97),(57,97),(58,97),(2,98),(20,98),(78,98),(18,99),(41,99),(58,100);
/*!40000 ALTER TABLE `subscribers_and_subscriptions` ENABLE KEYS */;
UNLOCK TABLES;

--
-- Table structure for table `users`
--

DROP TABLE IF EXISTS `users`;
/*!40101 SET @saved_cs_client     = @@character_set_client */;
/*!50503 SET character_set_client = utf8mb4 */;
CREATE TABLE `users` (
  `id` bigint unsigned NOT NULL AUTO_INCREMENT,
  `login` varchar(100) NOT NULL,
  `password_hash` varchar(100) NOT NULL,
  PRIMARY KEY (`id`)
) ENGINE=InnoDB AUTO_INCREMENT=101 DEFAULT CHARSET=utf8mb4 COLLATE=utf8mb4_0900_ai_ci;
/*!40101 SET character_set_client = @saved_cs_client */;

--
-- Dumping data for table `users`
--

LOCK TABLES `users` WRITE;
/*!40000 ALTER TABLE `users` DISABLE KEYS */;
INSERT INTO `users` VALUES (1,'est','3a07db1fa0e79741cdef3d96d30be81ce0d309bd'),(2,'maxime','3ec4e931790544708659698516b9f5008a561f5c'),(3,'alias','866ce8a68fd51d4d0249140fb09e8cd71cce99f2'),(4,'sint','741082861b9d550cbfee676aefbc0c40764bbb67'),(5,'nesciunt','bf712e450733b33eb4db03fffbfeae0b54421250'),(6,'autem','cf35f7638aad51147d880dcc29778b9c8b0e1834'),(7,'dignissimos','dbea064110974964129cf689f301a5b943f0a17c'),(8,'alias','7734e1290f2467f98e6c7c6ab8cd2de45b763849'),(9,'sed','77b66e62b228c72c8cbe7fb627f2eee9653fc8ec'),(10,'quia','57f129d772337150aa7728ffd44c3f0c8d6b8fc4'),(11,'perferendis','3b133860296e033fb02ad2eaa00092d026e3b48e'),(12,'exercitationem','8a75de6c9334ada119ccf3f3004dbbd3c1577ee5'),(13,'et','35ee970f3b386df850e9fd9dc6b844552dd577c7'),(14,'voluptates','8a3ab0b12f5661284e2aef583eabfd7982f28290'),(15,'ex','2523d9d75e7bfa2b6192a04c8f60dd0e7d436fa1'),(16,'commodi','83fec0fe15b48b8df12ffee56675633aa3afdc04'),(17,'error','5aac6a6633568f440e299fb6c71d0335da9de249'),(18,'autem','eff62091eb0ccadd2c875001cbc9f9ed39277858'),(19,'quia','b5c38c91462b82f5adad4a7510affa13ad693069'),(20,'sint','5e65aaf81a0d2a90ce5d542fb85caf5e776ff00e'),(21,'dolores','69323fa7507edff921656b805858e394f4012340'),(22,'aliquid','b81e88b7cf5cd3aa7fa89ca7807df6adeeaa503a'),(23,'qui','0c48eaf35a98edf5827d234d5c68c2052316f55d'),(24,'laboriosam','fcb831b09547f697b07beca04d2aa4b14eb5b42b'),(25,'eum','eec7f078728fa3d1ff2f3749aeb0195477a037de'),(26,'ut','4ec6a31e9d28b9c92e56993b3252e20eaca8f07a'),(27,'et','14c856ddccf8c5a0391783a9b3df9069a7e10d6b'),(28,'voluptatem','161bd31f977818e2dbe55823454d6527d334cf99'),(29,'tempora','951df4181d2cca9d09b92555e73fa4a944366e94'),(30,'voluptatum','6295cbd3f6853a090a9d49ca68806df002f8396d'),(31,'non','ca1a0c2c5e8300738a6cc22603023081c26a50d9'),(32,'qui','ef0c046fbbe3f472aafc0928c9da2a5f588230dd'),(33,'quaerat','7e31b1afaac643251b008f1523b20a1505f804c9'),(34,'id','beb584c04d01bd14e1bf4b51176924485b5b9921'),(35,'commodi','6918b17bbd0f47cfeed763c152be27fcabcd9fed'),(36,'non','f030b45b8de1fc4d017ebac04fb810845858021f'),(37,'quis','7e913feab517f4be148680b0f284cd7b066cd1ab'),(38,'rerum','d0835d8e5d7c0b0d381d91611475e860a5f90dac'),(39,'consequuntur','973e7a3421ba157e3ef57a4fcc9c967de6a213c5'),(40,'minus','0325fd49eeaef6d1a908054318115d64c4cce2cb'),(41,'numquam','5c2a1de96d63b8f6c7b01720b619777e8f36fc21'),(42,'dolor','7b5a2299b08f85eb1894e06e7de822c70d8d90e2'),(43,'sit','107df661ea08b44af9167d111165f4e151fd418c'),(44,'magnam','f9ff04300d3783cb2f33d306cfb6d318e659e249'),(45,'reiciendis','f9beeaa1e598dca199459343be2bfd3997cf7177'),(46,'tempora','3eb7ae8c331575aff1447a7c6c34fbf8573b0c8d'),(47,'autem','10021d79b5976db68a1b078545d1ea2568cdc5b7'),(48,'dolores','1eb82d554f708ac8f68ad3c60e5d43c9769988c0'),(49,'distinctio','20e43ec4f50febf8b790a1192d633ac9dc75a710'),(50,'fugiat','745fa72cd756f1dc6db8528a731c2d3f067b7170'),(51,'sint','b0064dffb470ece4a3c2f48b757fe59763b19d6f'),(52,'sapiente','d302b61c0208d125d83236a9a02453a8ea826a90'),(53,'ut','94399a0fed73344055fb23959eed7eb9ba85eb0f'),(54,'et','af31ee5982449305b1fa258a9d0d6b70ceeb9dfc'),(55,'sapiente','7c57e0bcf6a2a055cf152c4a00824cfe3a903677'),(56,'animi','18689732bf14001513cc3509f0acb31b334e46fe'),(57,'dolor','f7c9f77051e451123f4e2fc72bcb0e6a17f2edd2'),(58,'eligendi','6a2c4bfb211b4d7d33bf4515692e28178a15d62e'),(59,'explicabo','37edf9c52e359251a55240bc5ffe1637f6ea6612'),(60,'officiis','6b4c78d7fcfa9b52975ef8b8df0f84db12fc62ad'),(61,'et','90175f65276a249facca3973e05885f50b652427'),(62,'accusamus','198d558c0b3f4e8413f0f238a40d6ee633fc4001'),(63,'enim','ff427556740e495b6637f07859f06497ebe42214'),(64,'consequatur','944b837368e78bbc0e892803cc75b30d10320763'),(65,'officiis','df0084fa3d24c39323e6ac567f7bc122d14d442b'),(66,'quia','ac4af6a1d8112358fbda8190ac5e396af866301a'),(67,'quis','933a81f595c0131e964e8a939b8051fb624f655c'),(68,'et','a4b7b6068249ae75d698eb28da1d321cf9221318'),(69,'autem','3b8a067cff0b55483b3c0b8398155c3a251805b9'),(70,'aut','d471c4de78d805359bf9e8173d90c55857987ceb'),(71,'ut','8cf2d5bb85e1017b48d28815a7922cd1939e43de'),(72,'quia','c3ce8ed7fa2f29d6c667dd230c2e8d49dae39292'),(73,'earum','cb92e7580de4047a2432a0ccdbf35d95e13097a5'),(74,'maiores','51f018522da630fe6838eeeea4aaf4104ff51d03'),(75,'nesciunt','fab84fe718c86dcd68e72ddb6be50224f59e5fb4'),(76,'in','5e108d59f395de8024ec4aa7a554b93a8ddc3635'),(77,'ut','1a71daf6ea0a7a57b396e17d0c9327b4c790047c'),(78,'autem','7a94e22c999b69d20015d7d2fa1a8afffc3cbebf'),(79,'enim','90ead761bd9d9ccc6f2031e183530284c00a277f'),(80,'eum','a376a8fb24be89f36c257f5b247704484e030d49'),(81,'ut','f1be228166f1095b0152382dcbe0abcd9890d9e2'),(82,'et','6cff3fdbbea35445d304a21120ca02a10e01376c'),(83,'quibusdam','88bd9cf30cba9949f7b98af436d382b9042f8894'),(84,'praesentium','628e5e35cd3fb9c020baa4f906c76346731d569a'),(85,'magni','ce2c9091e98209ecf3c01b6a0c803a34f1479fa2'),(86,'est','c4bff7aeb9e1b2b15789fc14ea216b51473e8c03'),(87,'voluptatem','561df8700b8f47c90f56aaa08f5a6a0f7606076d'),(88,'quasi','06fe2903cc93f8db7e9888c6c35c7dd71ae294aa'),(89,'non','2faae646cb1486fe7551f74dab2e5ea4c3a32518'),(90,'eum','86f1122df9b170e32a9c391da99c4c5297a75ae2'),(91,'aut','b01c153fb143720f5dfa313231a00874e3095296'),(92,'ut','5981530d42858ad1fe0f316c46031299508c4952'),(93,'omnis','daf4a142b8cb4156def988157a074f4d886a959b'),(94,'accusamus','a3f963fcd397cf387860286e3fd6c4327e8d76cd'),(95,'eum','6968606fb97039f3007fda08e5e328248b505ab1'),(96,'et','1b47307192ea1851d232feae463a50570ec3c48a'),(97,'voluptas','34c12a141f2e0c9f92a9b19937653a3d6835a4b1'),(98,'maxime','fe8faf202db33f23e3924d637c3cdbe0faee8774'),(99,'ut','61d4bd1b97bae79bbd07fa390301f52db9d234b4'),(100,'in','644b7310bed863929cb1049d3cbfce5a95a12db1');
/*!40000 ALTER TABLE `users` ENABLE KEYS */;
UNLOCK TABLES;

--
-- Dumping routines for database 'insta_test'
--
/*!50003 DROP PROCEDURE IF EXISTS `sp_from_one_city` */;
/*!50003 SET @saved_cs_client      = @@character_set_client */ ;
/*!50003 SET @saved_cs_results     = @@character_set_results */ ;
/*!50003 SET @saved_col_connection = @@collation_connection */ ;
/*!50003 SET character_set_client  = utf8mb4 */ ;
/*!50003 SET character_set_results = utf8mb4 */ ;
/*!50003 SET collation_connection  = utf8mb4_0900_ai_ci */ ;
/*!50003 SET @saved_sql_mode       = @@sql_mode */ ;
/*!50003 SET sql_mode              = 'STRICT_TRANS_TABLES,NO_ENGINE_SUBSTITUTION' */ ;
DELIMITER ;;
CREATE DEFINER=`root`@`localhost` PROCEDURE `sp_from_one_city`(IN for_user_id BIGINT)
BEGIN
	SELECT p2.user_id
	FROM profiles p1
	JOIN profiles p2 ON p1.city = p2.city
	WHERE p1.user_id = for_user_id
		AND  p2.user_id != for_user_id;
END ;;
DELIMITER ;
/*!50003 SET sql_mode              = @saved_sql_mode */ ;
/*!50003 SET character_set_client  = @saved_cs_client */ ;
/*!50003 SET character_set_results = @saved_cs_results */ ;
/*!50003 SET collation_connection  = @saved_col_connection */ ;
/*!50003 DROP PROCEDURE IF EXISTS `sp_subscribers_of_target_user_and_your_subscriptions` */;
/*!50003 SET @saved_cs_client      = @@character_set_client */ ;
/*!50003 SET @saved_cs_results     = @@character_set_results */ ;
/*!50003 SET @saved_col_connection = @@collation_connection */ ;
/*!50003 SET character_set_client  = utf8mb4 */ ;
/*!50003 SET character_set_results = utf8mb4 */ ;
/*!50003 SET collation_connection  = utf8mb4_0900_ai_ci */ ;
/*!50003 SET @saved_sql_mode       = @@sql_mode */ ;
/*!50003 SET sql_mode              = 'STRICT_TRANS_TABLES,NO_ENGINE_SUBSTITUTION' */ ;
DELIMITER ;;
CREATE DEFINER=`root`@`localhost` PROCEDURE `sp_subscribers_of_target_user_and_your_subscriptions`(IN my_user_id BIGINT, IN target_user_id BIGINT)
BEGIN
	SELECT p1.user_id 
		FROM subscribers_and_subscriptions p1 WHERE p1.follower_id = my_user_id 
	AND p1.user_id IN (SELECT p2.follower_id FROM subscribers_and_subscriptions p2 WHERE p2.user_id = target_user_id);	
END ;;
DELIMITER ;
/*!50003 SET sql_mode              = @saved_sql_mode */ ;
/*!50003 SET character_set_client  = @saved_cs_client */ ;
/*!50003 SET character_set_results = @saved_cs_results */ ;
/*!50003 SET collation_connection  = @saved_col_connection */ ;

--
-- Final view structure for view `post_likes_comments`
--

/*!50001 DROP VIEW IF EXISTS `post_likes_comments`*/;
/*!50001 SET @saved_cs_client          = @@character_set_client */;
/*!50001 SET @saved_cs_results         = @@character_set_results */;
/*!50001 SET @saved_col_connection     = @@collation_connection */;
/*!50001 SET character_set_client      = utf8mb4 */;
/*!50001 SET character_set_results     = utf8mb4 */;
/*!50001 SET collation_connection      = utf8mb4_0900_ai_ci */;
/*!50001 CREATE ALGORITHM=UNDEFINED */
/*!50013 DEFINER=`root`@`localhost` SQL SECURITY DEFINER */
/*!50001 VIEW `post_likes_comments` AS select `p`.`id` AS `post_id`,`p`.`owner_id` AS `owner_id`,`p`.`media_id` AS `media_id`,`p`.`description` AS `description`,`c`.`user_id` AS `commentator_id`,`c`.`text_comment` AS `text_comment`,`l`.`user_id` AS `who_liked_id` from ((`posts` `p` join `likes` `l` on((`p`.`owner_id` = `l`.`post_id`))) join `comments` `c` on((`c`.`post_id` = `p`.`id`))) where (`p`.`owner_id` = 1) */;
/*!50001 SET character_set_client      = @saved_cs_client */;
/*!50001 SET character_set_results     = @saved_cs_results */;
/*!50001 SET collation_connection      = @saved_col_connection */;

--
-- Final view structure for view `posts_of_concrete_user`
--

/*!50001 DROP VIEW IF EXISTS `posts_of_concrete_user`*/;
/*!50001 SET @saved_cs_client          = @@character_set_client */;
/*!50001 SET @saved_cs_results         = @@character_set_results */;
/*!50001 SET @saved_col_connection     = @@collation_connection */;
/*!50001 SET character_set_client      = utf8mb4 */;
/*!50001 SET character_set_results     = utf8mb4 */;
/*!50001 SET collation_connection      = utf8mb4_0900_ai_ci */;
/*!50001 CREATE ALGORITHM=UNDEFINED */
/*!50013 DEFINER=`root`@`localhost` SQL SECURITY DEFINER */
/*!50001 VIEW `posts_of_concrete_user` AS select `p`.`id` AS `post_id`,`p`.`owner_id` AS `owner_id`,`p`.`media_id` AS `media_id`,`p`.`description` AS `description` from (`posts` `p` join `users` `u` on((`p`.`owner_id` = `u`.`id`))) where (`u`.`id` = 1) */;
/*!50001 SET character_set_client      = @saved_cs_client */;
/*!50001 SET character_set_results     = @saved_cs_results */;
/*!50001 SET collation_connection      = @saved_col_connection */;
/*!40103 SET TIME_ZONE=@OLD_TIME_ZONE */;

/*!40101 SET SQL_MODE=@OLD_SQL_MODE */;
/*!40014 SET FOREIGN_KEY_CHECKS=@OLD_FOREIGN_KEY_CHECKS */;
/*!40014 SET UNIQUE_CHECKS=@OLD_UNIQUE_CHECKS */;
/*!40101 SET CHARACTER_SET_CLIENT=@OLD_CHARACTER_SET_CLIENT */;
/*!40101 SET CHARACTER_SET_RESULTS=@OLD_CHARACTER_SET_RESULTS */;
/*!40101 SET COLLATION_CONNECTION=@OLD_COLLATION_CONNECTION */;
/*!40111 SET SQL_NOTES=@OLD_SQL_NOTES */;

-- Dump completed on 2020-09-20 23:59:36
